content,username,Sentiment
"@Marco_Alfa20 @jokowi @SBYudhoyono Saya justru yg pengen Pak Jokowi 3 periode. Saya tinggal di luar negeri, sering bangga pas orang lokal yg saya temui mengatakan: â€œPresiden mu yg sekarang hebat!  Beda dg yg dulu2â€. Sampe naik taxi pun pernah ada supir nya bilang â€œIndonesia sekarang jauh lebih baik dari yg duluâ€",cumatuit,positive
@prastow iya deh pokonyamah pemerintah The best lah terbaik sampe ngutang demi kesejahteraan rakyat.. toop laah jokowi the best lanjut 3 periode.. lah tanggung biar penjilat macam anda terus bertugas demi kemaslhatan anda dan keluarga,Ryogartshop1,positive
"@MarahIchsan Tolol.....itu kan mentri nya jokowi...

Presiden vietnam mengundurkan diri gara gara mentri nya korupsi.... Kalo di sini muka tembok...malah minta 3 periode",mazadiprawoto,negative
"Ini cuma Bahasa politik.

Padahal rakyat cuma butuh pemimpin yang Kerja, Bukti Kerja dan Terasa memperbaiki kehidupan masyarakat.
Pak @jokowi 3 Periode.",Aichi_Tour_Bali,positive
"@BennyHarmanID Mana bukti mengubah sistem pemilu, kalian oposisi  busuk memang provokasi terus. Sebelumnya buat narasi 3 periode, narasi pemilu ditunda, eh sekarang bilang sistem pemilu diubah. Nanti ahy gagal dipilih anies jd cawapres bilqng jokowi juga yg salah.",juju_uda,negative
@alisyarief Mimpi kadrun emang selalu bikin ngakak.....dari periode pertama p. Jokowi ingin memakzulkan tp selalu gagal. Muka tembok......ğŸ¤£ğŸ¤£ğŸ¤£ğŸ¤£,MbahWin3,negative
"Perbandingan capaian 2 presiden

SBY 2 periode 3.910 T
Jokowi 2 periode 11.454 T

Tentu SBY bisa menjelaskan, tapi tak perlu dan tak baik di mata rakyat. Apalagi saya sedang banyak masalah. https://t.co/9kweCraZjJ",ZeboLady,positive
@alisyarief Wahaahaaa Memuaakan dg orang makar fitnah bpk jokowi dg sgl cara dr hampir 10 th gagal gagal dn gagaaaal ttp makin tangguh dn kokoh dg 82% rakyat memuji kerja beliu malah menghendaki 3 periode dn jokowi lagi,i_kasna,negative
"@MichelAdam9191 Jokowi 3 periode 
Cuma baiknya hukum lebih tegas para pembegal plat merah. 
Belajarlah hingga ke negeri China 

Rebut kembali harta yang dirampok. 
Siapkan regu tembak  biaya peluru tagih kepada fihak keluarganya https://t.co/aq5Ki8BFs4",ScioCogitoCredo,positive
"@jeckowadiday @are_inismyname @jokowi @prabowo @Gerindra @bengkeldodo @Ahwal08 @AndreasSolusi @azissubekti @BANGSAygSUJUD @papabowo2024 @Don_dasco @Kimberley_2024 Itu urusan mereka kalo mau 3 periode,yg psti kta menolak.
Skrg kta fokus aja dgn dukungan masing2.
Tp aku yakin,sebagian hatimu msih buat Prabowo ğŸ¤£ğŸ¤£",iamfearperson,negative
"@Metro_TV @jokowi Lebih baik dak usah pemilu, langsung 3 periode jadi dak usah keluar duit  , dari pada ribut yang ujung ujungnya rakyat juga yang susah. Atau presidennya dikontrak selama setahun kayak kontrak rumah kalau dak cocok pindah, kalau rumah nya dirusak tinggal suruh ganti,..",MDani71637850,positive
"Jgn termakan isu 'perang dingin' antara Mega dan Jokowi. Ternyata dulu perang dingin antara Amrik dan Soviet dikendalikan oleh satu kelompok tertentu.

Hal yg sama berlaku antara Mega dan Jokowi. Mrk dikendalikan agar Anies gagal nyapres, ato kondisi chaos yg berarti 3 periode",mhmfikri,negative
"Dng cawe2, Presiden @jokowi bisa dikenakan tuduhan hendak menggagalkan Pilpres demi agenda 3 periode yg terus menerus gagal diperjuangkan oleh para pendukungnya",ecosocrights,negative
"@Uki23 @ganjarpranowo Kerja ideologis tapi penuh dengan kebencian,, ingat wadas,, jateng termiskin, petugas partai,,dungu2,,, menolak 3 periode tapi mendukung jokowi 3 periode,,,",Ardan292563541,negative
"@dennyindrayana Itu tandanya anda sdh kehabisan isu, padahal sdh jelas Jokowi menolak semuanya, mau penundaan atau 3 periode, dan yg perlu kau ketahui, semua partai sdh mendapatkan nomor, dan caleg jg sdh didaftarkan, sia sia sj gelar prof anda,
Kenapa ya,, mrk ini tdk punya rasa malu,",Taufiq_canser,negative
"Tadinya wacana Jokowi 3 periode, sampai ngumpulin seluruh Lurah ke GBK, GAGAL ...lalu sekarang ada Penundaan Pemilu..

Rakyat mari bersatu! Kita harus kawal Perubahan ini walaupun sangat berat!",Lisaamartatara6,negative
@HelmiFelis_ Kalo menurut lu pak Jokowi terburuk pilihan rakyat..coba kalo dia boleh mencalonkan lagi periode ke 3 saya jamin pak Jokowi pasti menang..,masagus3112,negative
"@ILCTalkshow @karniilyasclub Daripada presiden cawe cawe, lebih baik M Qodari dorong lagi supaya pak Jokowi bisa 3 periode.
Pertanyaannya, Jika pak Jokowi ikut lagi kontestasi Pilpres 2024 , siapa yang akan anda pilih?",AdeSaung,positive
"@Metro_TV Daripada presiden cawe cawe,lebih baik, Qodari suruh dorong lagi supaya Jokowi bisa 3 periode
Pertanyaan nya,jika pak Jokowi ikut lagi kontestasi Pilpres 2024 siapa yang akan anda pilih?",AdeSaung,positive
"Setuju banget sih sama kata Bang Yunarto. Fanatisme berlebihan itu tidak baik.
Tapi... KHUSUS untuk Pak @Jokowi saya kira beliau terlalu humble untuk jadi Suharto. Walau banyak yang ingin dia 3 periode dia tegas manolak karena mengbormati demokrasi 
Love bgt sama Pak Jokowi ğŸ’– https://t.co/apVPKhPBwr",HijauBumiku23,positive
"@KompasTV Aktivis 98 sedang mencari cara utk pembenaran kalimat jokowi ini..kit lihat saja nanti ğŸ¤£ğŸ¤£ gagal 3 periode gagal nambah masa jabatan kini cawe cawe
Sial amat kita ya warga negara konoha pnya pemimpin gk punya malu",andra_rsul,negative
"@Indones1aku Knp jokowi cawe2 krn dia panik 
Ambisi 3 periode kandas, pemilu diundur batal, KIB bntukannya bubar, koalisi besar gagal, elektabilitas capres endorsannya nyungsep, relawanya terpecah
ğŸ¤£ğŸ¤£",Bangkit55489150,negative
@PartaiSocmed @jokowi Mau jtuhkan pa jokowi klo cawapresnya pnjhat ham brat 1998 klo cawapresnya pmbsmi korupsi jujur brsih anti korupsi drimna mau dijtuhkan asal revisi uu pemilu direvisi kyak turkiye rusia rrc kanselir jrman dll bsa 3 periode jokowi no koruptor no suharto jokowi brnyali lwan baratğŸ™ğŸ¼,Yenithung1,negative
@tempodotco Emang jokowi bisanya apa selain pembohong dan ngibul? Bodohnya orang yg milih dua kali atau mau nambah 3 periode. Ini presiden terburuk dalam sejarah Indonesia,TheATeams_,negative
"@Yurissa_Samosir Jokowi Cara begal anies? 
3 periode gagal
Tambah jabatan gagal
E formula masih diusahakan
Begal partai proses
Tekan parta pendukung gagal
Cawe cewe
Lepas cawe2?",Jojo85588161,negative
@Maikelaja2000 @romeogadungan Lagipula Jokowi â€œmenggantiâ€ 3 periode yang sudah jelas sulit dengan mencari suksesor yang siap melanjutkan pembangunan dia. Liat banner Prabowo-Jokowi atau bagaimana Ganjar dikaitkan dengan Jokowi dimana2 itu juga sudah terasa jalan menuju â€œ3 periodeâ€ buat beliau,mrafihdyt,positive
@AndiSinulingga Rakyat lbih prcaya jokowi 3 periode dripda elit prpol jdi pnguwasa rampok garong maling uang negara&amp; uang rakyat koq diprcaya yg krjanya cuma prkaya dri dg kkn&amp; korupsi rakyat byar pjak jln2 rusak dri era sby s/d era jokowi no diprbaiki diviralkan bru hboh jdi APBDpmda duit kmna,Yenithung1,positive
@geloraco @msaid_didu Jokowi npain cawe2 wong gkbsa 3 periode dibtas uu tpi oposisi kan goreng sara yg gk mau anis baswedan dg ahy ikut nyapres 2024 rakyat yg anti korupsi udah kpok jdi wrga dki jkt dg yg hdup di era sby bnyak rakyat mati bunuh diri trhimpit ekonomi sby pnguwasa mna pduli hrg2 brgnaik,Yenithung1,negative
"@6undul0h Sama aja nelanjangi jokowi ini orang.
Artinya, selama 2 periode jokowi gagal total ngurus negara. Jangankan SDA-nya, ngurus SDM-nya aja ruwet kyak gini. Mundur berjamaah aja deh kalian semua ...!!",PencariHati76,negative
"@detikcom kasian nih Jokowi.... makin keliatan rencana dia selam ini mau 3 periode, mau tunda pemilu... terbuka akhirnya maksud buruk jokowi yg menginginkan kekuasaan lebih 2 periode... rusak",DaniKarimov99,negative
@beranibenarr Karena jokowi adalah presiden terbaik selama ini maka bisa jadi 3 periode #PemiluIndonesia,bingobravoo,positive
@musniumar Pelajarannya : 3 periode di turki bisa knp di negeri ini para begundal2 politik dan politisi2 curut termasuk buzzernya menolak???? JOKOWI 5 PERIODEğŸ¤£ğŸ¤£,ferdi6_joe,negative
"@TeddGus @jokowi JKW berpengaruh.
Dlm suksesi kepemimpinan nasional 2024.
Wujudnya demikian.
Ya efektif menurut salah satu seorang Profesor dari Singapura.

Bkn menurut pendukung erdogan disini.
Dipuji bs 3 X periode berkuasa.
Yg sbnrny juga, mengkhawatirkan pengaruhnya JKW.",muhsinsukandar6,positive
"@aniesbaswedan @PT_Transjakarta @DKIJakarta Lumayan bisa beli mobil listrik 1 unit 1,3 M utk 8 Pejabat, kita jalanâ€ di Riauâ€¦ Kita Dukung Jokowi 3 PeriodeğŸ‘ğŸ» kurang baik apa coba Jokowi karena sesuai Instruksi Presiden no 7 th 2022 https://t.co/emKpTjuMgb",Hudakeyy,positive
@eriemrn @HartonoRian2 @dennyindrayana Jokowi gagal 3 periode hahahaha,RusydiUzmah,negative
"Isu 3 periode GAGAL TOTAL, kini mereka produksi isu PROPORSIONAL TERTUTUP

Ujung panahnya pasti mengarah ke Jokowi. Busurnya ditarik seolah2 mengarah ke Merdeka Barat, tetapi selaras jika ditarik dari Tanah Abang

Endingnya? Anak panah itu akan jadi BUMERANG. Lihat saja https://t.co/zN25jGvitt",Miduk17,negative
@dennyindrayana Semakin Orde Baru saja reformasi di era Jokowi ini.. sebentar lg DWIFUNGSI TNI dikembalikan menyusul setelah DWIFUNGSI POLRI sukses...gak sekalian aja 3 atau 4 periode presiden kita..?,AdvBudi72Gar,positive
@SBYudhoyono Semakin Orde Baru saja reformasi di era Jokowi ini.. sebentar lg DWIFUNGSI TNI dikembalikan menyusul setelah DWIFUNGSI POLRI sukses...gak sekalian aja 3 atau 4 periode presiden kita..?,AdvBudi72Gar,positive
"Tugas presiden Jokowi itu menciptakan kepastian bahwa pemilu sukses.

Bukan merekrut calon presiden, bukan perpanjang masa jabatan presiden, bukan 3 periode. 

https://t.co/E3pkrtTJ3y

#JegalAniesPolitikKotorPKI 
#JegalAniesPolitikKotorPKI https://t.co/wbyibxjJmz",MichelAdam7__,positive
"@RicKY_KCh Benar!
Kinerja Era SBY Lbh Baik Dibandingkan Era Jokowi. Ini Sesuai REALITA Yg Saya Alami Di Awal Pemerintahan Jokowi 1-3 th (2014) Mmg Ada Peningkatan. Namun Setelah Itu Semakin Memuncak Kemerosotan Di Periode Kedua (2019-2024). Makanya Sy Keluar Mendukung Jokowi Yg Tdk Amanah.",EndyNugroho8,positive
"Yang tidak diEKSPOS ke PENDUKUNGnya JOKOWI!kemana nih BPK n KPK gak BERANI  ya?!Tambah lagi yg MANGKRAK!lebih DUNGU lagi mau dibikin lagi BANDARA BOGOR pelebaran dari LANUD ATANG SANJAYA itu kalau lolos 3 PERIODE ,kan gila, JAKARTA BOGOR berapa kilo sih!BANDUNG! diKORUPSI lagi https://t.co/HjmOE0TS4s",ArdoyantoE,negative
"@bianca01403 Inilah mengapa jokowi menjelang akhir masa jabatan menjadi presiden paling panik sepanjang sejarah.
Endorse capres sana sini, kerahkan massa 3 periode, tapi percuma broh, lu pasti akan ditangkap paska tidak menjabat.. aliran dana kasus korupsinya berceceran sejak dari solo.. https://t.co/nJWPu1ShnA",mutajir_mohamat,negative
"@psi_id @badaipianoman78 @helmyyahya Memperbaiki Indonesia?
Emang  Indonesia 2 periode ini kenapa?
Kepemimpinan pak H. Jokowi bagus, koruptor pada kebongkar, bahkan koruptor kecilkecilan pun bisa terbongkar.

-----------------
Makan ayam 3 ngaku 2",bleewwew,positive
@republikaonline Kalo bagus @KPK_RI gpp dah. Ini ketuanya aja bermasalah. Gagal 3 periode @jokowi perpanjang KPK biar aman ygy?,NewsFlash09,negative
@DokterTifa Lanjutkan 3 periode yes yes Jokowi presiden terbaik ğŸ˜ğŸ˜ğŸ‡®ğŸ‡©ğŸ‡®ğŸ‡©â™¥ï¸â™¥ï¸,elvira63334,positive
"@kiddipoi ewe brutal disana sini, pejabat korupsi, jokowi 3 periode",riccorevo,negative
"@wonokairun02 @maryanti_oemar @msaid_didu iya mustinya salah anies ya mau jadi capres. Jadinya si Jokowi parno kayak gini, kalo nga ada anies dan suksesi atau 3 periode bisa lancara jaya, pasti jokowi nga bakal parno kayak gini",EdyKiantolol,positive
@PDemokrat Makanya jokowi pengen 3 periode agar bisa memperbaiki kesalahannya......beliau sibuk sekali dgn agenda agenda penting selfie.,sulaimanariefst,positive
@cnbcindonesia Klo jokowi bukan raksasa dunia npain rakyat 280jt jiwa mndkung jokowi 3 periode ekonom oligarki pngusaha justru bnyak yg korupsi proyek tol jokowi makanya ditngkap kpk krn jln tolnya korupsinya gila2an jokowi bukan presiden bdoh dri 7 presiden nkri yg brkuasa smua korupsi ketawan,Yenithung1,negative
"Entah kenapa prabowo lebih menarik diantara Anies sama ganjar?

Iya 3 3 nya bisa disebut punya dosa dan buruknya masing-masing
Tapi kalau disuruh bandingin, Prabowo lebih baik rasanya
Menurut guueeee

Padahal 2 periode kemaren dukung Jokowi wkwkwkwkwwk",miekaritelor,positive
"@CNNIndonesia satu-satunya presiden Indonesia yg nyumbang 800 M untuk perbaikan jalan. Masyaallah.

Pak Jokowi 3 Periode. Takbir âœŠğŸ»âœŠğŸ»",terbahagiakan,positive
"@robert_yulian1 bisa diperjelas aturan mana yg melarang mantan presiden mencalonkan diri sebagai cawapres?

kalau seandainya bisa ada amandemen UU, khusus untuk situasi kali ini, lebih baik P. Jokowi diizinkan untuk periode ke-3, biar tuntas pembangunan.",mx00711,positive
"@rendroko @bahlillahadalia Omongan Bahlil tentang investor IKN belum pernah terbukti selama ini. Hoakser begini masih dipercaya pak Jokowi? Ada apa yak? Pecat dengan tidak hormat aja, gimana ? Sudah gitu gerilia 3 periode gagal total pula. Lilbahlil.",RadarKorupsi,negative
"@aniesbaswedan @ganjarpranowo @prabowo orang terbaik di 2024... tetapi sehebat2nya mereka bertiga, kalau boleh jujur belum ada yang sedetail dan sebaik pak presiden @jokowi, sama seperti kata surya paloh seandainya konstitusi menghendaki president jokowi bisa 3 periode!!!",saferiusedor,positive
@KompasTV Hanya kader PKS yg masih punya etika dan punya malu  ga kaya jokowi udah gagal pengen nambah 3 periode dan masih CAWECAWE,cutrapengganti,negative
"@Dennysiregar7 Msk di akal apa yg diungkapkan DS di YT, Jokowi 3 periode, perpanjangan masa jbtn presiden akan mersk nm baik Jokowi dan isu Gibran jd Cawapres tdk msk akal krn terbentur umur bts min. usia cln, kelmhan Prabowo ada pd Isu kershan mei 98,Mantan mantu rzm orba dan kedekatan dg HRS",Sgrdamai,positive
"@HelmiFelis_ Ehhhh onta, udah berkali"" dibilang pak Jokowi, dia menolak 3 periode, angkat isue tuh yg aktual lah, elo jaman jahiliah masih aja elo angkat, banyak baca supaya pinter dan banyak bahan ber argument",fredyRichardo,negative
"@msaid_didu Ndak usah Nyinyir..tuduhanmu tdk ada bukti, pak Jokowi dgn tegas menolak masa jabatan Presiden diperpanjang apalagi 3 periode...

Dah sana beli beras..minta uang sama kakak pembina Lizal Lamli",AsbabulKop51425,negative
@OposisiCerdas @BeelGedhez Siapapun orangnya jika ada yg mau mengusung pak Jokowi 3 periode maka dia seorang pengkhianat konstitusi dan seorang pengkhianat itu sudh sepatutnya hrs diadili... https://t.co/1qgl61sECN,RRahmanjack,negative
"@fmuchtar_ Jujur aja, SBY itu bukan presiden terbaik tapi pas goreng 3 periode karena dianggap calon 2024 gada yg lebih baik dari Jokowi,,,, saya justru kepikiran knp ga panggil lagi SBY karena di mata saya, sejelek-jelek SBY lebih jelek lagi Jokowi.",renita_hartini,positive
"Kalau kita baca artikelnya, ini sebenarnya kritiik PSI ke rezim Jokowi.
Bahwa pemerintah 2 periode -yg mereka dukung- ini gagal dalam : 
1. Memerangi korupsi
2. Membangun toleransi
3. Membangun rasa percaya diri anak bangsa

Thanks @psi_id 

https://t.co/4jjNjM0XCX",RagilSemar,negative
"Diawal relawan2 Jokowi itu, mempunyai misi ""jokowi 3 periode"", namun gagal karena mendapat resistensi dari massa. Lalu sekarang beralih menjadi ""kelompok penekan"" suksesi Presidensi 24. 

Mengapa tidak membentuk Parpol, Ketumnya Jokowi?.",alisyarief,positive
@eddy_widodo_165 @ganjarpranowo Dampak terlalu mengkultuskan Jokowi jd pd berharap Jokowi yg harus memutuskan capres. Padal kan dah jelas mekanisme pencapresan. Lagian musti nyadar Jokowi memang bagus tp gak bisa 3 periode. Knp sih gak move on dan cari capres penerusnya yg paling baik dari para capres yg ada?,krishjogja,positive
@Leonita_Lestari Sama pikirannya kek Deny Siregar yg telah menuding pak Jokowi ingin 3 periode tapi gagal &amp; skrg memberikan anaknya unt membuka jln mjd wakil Prabowo di pilpres 2024 &amp; saat pemilu berikutnya 2029 anaknya yg akan maju mjd capres menggantikan Prabowo...tudingan Desi kasar sekali,al_edden,negative
"@VIVAcoid Mereka punya hak berpendapat.Bukan masalah Jokowi 3 periode itu takkan bisa diwujudkan tapi suara mereka itu nasionalis sejati.Jika PS terpilih orba kembali berjaya.Jika AB trpilih intorelan meraja lela,pmbangunan amburadul. Satu2nya opsi terbaik @ganjarpranowo",Heri73032637,positive
"@ch_chotimah2 @ganjarpranowo ğŸ‡®ğŸ‡©jokowi 3 periodeğŸ‡®ğŸ‡©
ğŸ‡®ğŸ‡©jokowi untuk ri 2024ğŸ‡®ğŸ‡©

ABAIKAN situkang lari sana lari sini , yg hanya bisa lari lari saja.

ğŸ‡®ğŸ‡©indonesia jaya raya bersama jokowi ğŸ‡®ğŸ‡©",AdiAdimsamin,positive
"@Miduk17 ğŸ‡®ğŸ‡©jokowi 3 periodeğŸ‡®ğŸ‡©
ğŸ‡®ğŸ‡©jokowi untuk ri 2024ğŸ‡®ğŸ‡©

ABAIKAN situkang lari sana lari sini , yg hanya bisa lari lari saja.

ğŸ‡®ğŸ‡©indonesia jaya raya bersama jokowi ğŸ‡®ğŸ‡©",AdiAdimsamin,positive
"@VIVAcoid Terus apa bedanya mereka yg pro reformasi dengan orde baru, nanti setelah 3 periode tercapai kedepannya nanti ada gerakan lagi jokowi 4 periode, kenapa ga sekalian saja langsung seumur hidup, jadi duit untuk pemilu bisa dianggarkan buat yang lain. Tapi jangan buat korupsi yah",solihinsml,negative
"@narkosun @jokowi jokowi 3 periodeğŸ‡®ğŸ‡©!!!
jokowi untuk indonesia 2024ğŸ‡®ğŸ‡©ğŸ‡®ğŸ‡©

(abaikan situkang lari lari)",AdiAdimsamin,positive
"@Miduk17 jokowi 3 periode!!!!!
jokowi buat indonesia 2024!!!!

abaikan ganjar pranowo
(situkang jago lari lari)",AdiAdimsamin,positive
"EMANG ADA YANG LEBIH BAIK? 
Peringati 25 Tahun Reformasi, Barikade 98 Tegas Dukung Jokowi 3 Periode 

https://t.co/Uvp2EBRS40 

Reformasi jilid II !",RichardWPS,positive
Ini brigade 98 gak paham undang undang masa jabatan Presiden. Kelompok barigade 98 ingin menjerumuskan Pak Jokowi yg jelas jelas menolak 3 periode,G03NT03R_,negative
"EMANG ADA YANG LEBIH BAIK..? Peringati 25 Tahun Reformasi, Barikade 98 Tegas Dukung Jokowi 3 Periode https://t.co/OSOz1MIKhL via @BERGELORA.COM https://t.co/5ccou6UnKa",bergeloralah,positive
"@Miduk17 jokowi 3 periode
jokowi buat 2024
abaikan ganjar!!!

https://t.co/45Ki6lbOoO",AdiAdimsamin,positive
"@VIVAcoid kereeeeennnn
jokowi 3 periode
jokowi untuk indonesia!!!!!
cc: buduk @Miduk17 
@Dennysiregar7 
@GunRomli 
@ekokuntadhi1 
@ruhutsitompul 

ok, abaikan ganjarâ€¦",AdiAdimsamin,positive
@KrisyantoOni ğŸ˜€ğŸ˜€ Bisa juga Anis gagal nyapres dan bisa juga pak de jokowi 3 periode atau ganjar yg akan melanjutkan program pak de jokowi,MbahDipo16,negative
"Saya dulu dirayu2 oleh elit relawan2 pamrih itu supaya dukung Jokowi 3 periode. Saya menolak. Melawan. Mereka itu justru ingin merusak nama Jokowi yg sdh bagus, dgn membuatnya seolah Jokowi rakus kekuasaan..

Gagal lewat bapaknya, gerilya ke anaknya.. cuih. https://t.co/EMFF0sl5xv",Dennysiregar7,negative
"@hanux_ @yunartowijaya @jokowi Bukan ga ada, tp memang UU nya yg tdk memungkinkan, tp ingat @jokowi tdk pernah MENOLAK utk 3 periode, dan dlm bbrp kesempatan spt membuka peluang utk 3 periode.",harman_i,negative
"Setelah Gagal Wacana 3  Periode Mengapa Presiden Berikutnya Seolah Harus Orang Jokowi

Setelah wacana 3 periode dan perpanjangan yang sejak 2 tahun ini mulai dihembuskan oleh rezim ini kandas karena ditolak oleh mayoritas rakyat dan partai partai politik kini seolah rezim yang berkuasa saat ini ngotot agar presiden berikutnya haruslah orangnya Jokowi. 

Hal itu sangat kentara ketika presiden Jokowi di akhir masa jabatannya justru terlihat sibuk untuk bermanuver mendekati partai partai politik termasuk mengumpulkan ribuan relawannya untuk mendukung calon presiden tertentu.

#Wacana3periode #ditolak #Jokowi #manuver #Politik #Pemilu #Capres2024 #Beritaviral #Beritaterkini #Newsupdate #Viral #News",achmadnurhdyt,negative
"@salman42224615 @jokowi Kinerja yg biasa biasa sj sdh sesuai dgn revolusi mental kok.

Wkwkwkkwkwwk kalau mau akan diperbaiki kalau boleh 3 periode (janji aja spt biasa) https://t.co/7p9qfwgeoe",sulaimanariefst,positive
"Meski gw juga pengen pak @jokowi bisa 3 periode, konstitusi tidak mengizinkan. 

Pak @jokowi juga sdh berulang kali menolak.",hendrikk168,negative
@RiantiDila1 Karena jokowi adalah presiden terbaik selama ini maka bisa jadi 3 periode #PemiluIndonesia,Genvine2,positive
"@Rriskand @herricahyadi Jokowi baik2 saja katanya, padahal mah sambo dah dihukum mati, menkominfo kena tangkap, ikn sepi investor ... baik2 saja katanya, padahal pilpres taun depan, dipikirnya jokowi 3 periode kali ya, bangun woy",akmalmilan01,positive
"@Anak__Ogi @ganjarpranowo Jokowi memang terbaik
Tidak akan tergantikan
Ingin Jokowi 3 periode? 
Pilihlah penerusnya:
Ganjar Pranowo",TiteKabul,positive
"@jokowi Jokowi memang terbaik
Tidak akan tergantikan
Ingin Jokowi 3 periode? 
Pilihlah penerusnya
Ganjar Pranowo",TiteKabul,positive
"@PDI_Perjuangan Jokowi memang terbaik
Tidak akan tergantikan
Ingin Jokowi 3 periode? 
Pilihlah penerusnya
Ganjar Pranowo",TiteKabul,positive
"@GunRomli @ganjarpranowo @ganjariancom Jokowi memang terbaik
Tidak akan tergantikan
Ingin Jokowi 3 periode? 
Pilihlah penerusnya
Ganjar Pranowo",TiteKabul,positive
"@EdiArif96983478 Jokowi memang terbaik
Tidak akan tergantikan
Ingin Jokowi 3 periode? 
Pilihlah penerusnya
Ganjar Pranowo",TiteKabul,positive
"@ApulPSitompul @PERINDOPusat @PartaiPAN Kejahatan 3 periode gagal,jokowi endors calonnya diikuti hore hore para ketum partai yg bermasalah. penerus jokowi sama saja penerus maling ğŸ˜€ğŸ˜€",Dunianyasantai,negative
"@feyy388 @Miduk17 Ya semangat, ğŸ’ªğŸ»
Dulu kasus benih Lobster juga Pak Ketum yang ngomong, Partai besar juga ğŸ¤£ 
SP merupakan ketum kesekian dari ketum2 yang klarifikasi kader korupsi . 
Tenang Jokowi gak akan 3 Periode Kok ğŸ˜",m_hudananta,negative
"Setelah semua rencana 3 periode gagal karena satgassus merah putih gagal menggalang dukungan akibat kasus Sambo, keinginan @jokowi sekarang hanyalah pilpres cuma menarungkan 2 pasangan capres, karena pengalaman 2 periode membuktikan lebih gampang memanipulasinya",s_sawoo,negative
"Saya baru sadar sejak ada isu 3 periode hingga pak @aniesbaswedan nyapres lewat @NasDem  cuma ada 2 kasus korupsi 
(1) Formula E 
(2) kasus G.Plate 
Yg lainnya itu cuma bikin rame kyk harun masiku dan seterusx
@KPK_RI 
@KejaksaanRI 
@jokowi https://t.co/UL0vKnTmI0",mathsoul1,negative
"@conan_idn Kalau mau meniru Erdogan sebaiknya jangan sepotong2.
Seharusnya JokoWi bisa 3 periode.

https://t.co/fYyPZ7qxoa",Singokaryo45,positive
Coba kalau presidennya bukan pak jokowi gak bakal  bisa ungkap kasus korupsi kayak gini...terima kasih pak presiden .... 3 periode semoga,katuralisasi,negative
@Indonesia45Emas @erzavindaf @IgoMagaz @Hansunriko @ikn_id Karena jokowi adalah presiden terbaik selama ini maka bisa jadi 3 periode #PolitikIdentitas,YaridhaD,positive
"@ZainiAbdHamid @ArdianAdw @jokowi Apa mau di lanjut jadi 3 periode biar sekalian juara World Cup 2026 ? ğŸ¤£ğŸ¤£

Sebaiknya jangan terlalu gegabah ğŸ˜",Netautoinfo,positive
"@OssyDermawan SBY adalah pemimpin Terbaik selama Indonesia ada.
Buktinya ...
1. Soekarno  dilengserkan
2. Soeharto  dilengserkan
3. BJ.Habibie Meneruskan
4. Gusdur dilengserkan
5. Megawati  Meneruskan
6. SBY Langgeng 2 periode
7. Jokowi Ngak mau turun ğŸ˜„",WakDrES77,positive
"@Miduk17 Biar lu gk pikun, DKI sblm dipimpin Anies prnah dlm satu periode dipimpin olh 3 org gubernur (Jokowi, ahok, jarot) plus 1 plt. Kl 3 gubernur yg katanya manusia super ini bekerja dgn baik tentu Anies tdk akan diwarisi banyak masalah, banjir, kemacetan, kemiskinan, dll.",gotte4,positive
@ReefReese Karena jokowi adalah presiden terbaik selama ini maka bisa jadi 3 periode #PolitikIdentitas,tirtahandika95,positive
"@detikcom Pokoknyamah Bahlil Lahadalia sudah amsyong gegara narasi jokowi 3 periode semakin gagal diwujudkan. ğŸ¤£ğŸ˜‚ğŸ¤£ğŸ˜‚

https://t.co/sR6y8wa0Sx",SugiKawuloAlit,negative
"Survei seperti ini maksudnya untuk apa sih?
Takut Jokowi diturunkan sebelum akhir masa jabatan?
Modus pengen 3 periode ?
Ataukah modus untuk membenarkan kata2 Bahlil ""capres yg ingin menang harus baik2 ke Jokowi"" ?",AdrianMin0n,positive
"@psi_id Kok masih halu, jelas Musra 3 periode gagal total. Pak Jokowi harus lengser......!!!!!!!!!!!!",AhmadMukarom15,negative
"Setelah gagal provokasi masyarakat dgn isu 3 periode ğŸ¤—
Sekarang mainkan isu caweÂ² . 
Pak @jokowi itu petarung tangguh sejati NKRI. Bukan berjiwa sentimentil dan suka playing victim seperti kalian. 
@SBYudhoyono @PDemokrat https://t.co/CyuElea5tU",saposikompak,negative
"@kurawa @jokowi @psi_id 3 periode gagal, perpanjangan gagal, ini?",ondro_wino,negative
"Karena Jokowi 3 Periode terhalang UU, maka satu2nya pilihan terbaik adalah memilih Ganjar yg nyata2 akan melanjutkan Kinerja Jokowi yg hebat, yg mengangkat martabat Indonesia dimata Dunia.

Catatan : sederhana, baik hati, merakyat itu tdk bisa tiba2. Itu sudah bawaan dari orok âœŠğŸ¿ https://t.co/e3QLdEFNgM",Candra4smara,positive
"@Doni13587681 @geloraco Brarti bs2 indonesia ga punya presiden nih... Ganjar katanya gagal d jateng, PS ada dosa besar di masa lalu, AB ga ada prestasi n gagal penuhi janji kampanye d DKI...ditambah lg kebanyakan kelebihan bayar, proyek bongkar pasang...
Jokowi 3 periode aja deh...",dagajoe,negative
"@__AnakKolong Hanya di jaman Jokowi, pelayanan publik lebih baik dari sang mantan dan ormas radikal dibasmi habis. Kalau bisa lanjut 3 periode. Salam NKRI...",kelapa_muda22,positive
"Semakin mereka elite @PDemokrat berupaya keras memojokkan pak @jokowi CaweÂ² dalam Pilpres 2024 dgn membandingkan dgn pak @SBYudhoyono maka secara tidak langsung mereka menampar wajah @AgusYudhoyono . 
Dulu memprovokasi dgn isu 3 Periode, namun Gagal Total. https://t.co/jyyanBG8aN",saposikompak,negative
@jokowi Sehat sll pk @jokowi sekeluarga lanjutkan pk 3 periode rakyat mendukungmu sy bangga jd rakyat indonesia berkat bpk indonesia maju dan berdaulat semoga sukses KTT ASEAN di labuan bajo,CBarata4,positive
"Ingat nga, dulu mereka goyang pak @jokowi dengan isu 3 periode. GAGAL. 
Itulah @PDemokrat . https://t.co/Zd4bFHrKEW",saposikompak,negative
"Pada periode Januari - Maret, Mata Uang Garuda sukses menguat 3,8% menjadi yang terbaik di Asia dan nomer enam di dunia.

Wow, Luar biasa Pak Jokowi dan jajaran Pemerintahan semuağŸ‘

Mata Uang Indonesia terbaik di Asia Dan No 6 Di DuniağŸ‘
https://t.co/eCytwYXVJX",wandystjk2,positive
"@HmfaqihA Ganjar tidak sebaik dan senegarawan Pak Jokowi, susah cari sosok seperti Pakde yg bisa menempatkan diri sebagai Pemimpin Negara dan petugas partai andai UU memungkinkan bisa 3 Periode Sy pasti pilih LG beliau.",herrypopay76,positive
"@WR_4RD1212 Akibat kedatangan Mobil dan motor Listrik, udara panas semakin menggila.
Jika kebodohan ingin dipelihara silahkan pilih @jokowi periode 3, jika gagal pilih Ganjar Pranowo untuk melanjutkan kobodohannya",Ngicaubest,negative
"kita boleh mengidolakan seorang presiden tpi jg musti tau batas. Sudah jelas konstitusi mengatakan bahwa jabatan presiden maksimal 2 periode, yaa patuhilah sebagaimana dulu pak SBY. Jngn jadi penghianat konstitusi. Pak Jokowi sendiri menolak 3 periode, krna dia paham konstitusi.",rizkirigeras27,negative
"@pinbrosslockey @msobri99 Ingat GP&amp;partai prngusungnya sebaiknya jangan dipilih. Sebab sama aja dengan Jokowi 3 periode, gak akan ada bedanya,  Rakyat butuh perubahan.",Fbx_ar,positive
"@jokowi Saya sebagai Putera NTT, dan kami Putera/i Indonesia, sangat bangga padamu Pak Presiden Jokowi. ğŸ’ğŸ‡®ğŸ‡©
Presiden terbaik di Dunia. ğŸ™ğŸ†
Sayangnya gak bisa 3 periode ğŸ˜¢
.
Semoga Pak De selalu diberkati dan selalu dalam lindungan Tuhan Yang Maha Kuasa.  Amiiinn. ğŸ™ğŸ˜‡
#KTTASEAN2023",thejohanreal,positive
"Saya mau pak @jokowi 3 periode!
Jokowi presiden terbaik yg pernah di miliki rakyat indonesia",RaffaelleJuan,positive
"s7 CNN bikin artikel titipan
@jokowi 3 periode lebih baik",buzerbosabasi77,positive
"@terikacangpedas @S_BenSBG48 @PolJokesID @awfannnn1 Tapi jujur, setelah liat capres yg ada sekarang keknya ide Jokowi 3 periode gak begitu buruk",AhliParkour,negative
@RatuMedia20 Karena jokowi adalah presiden terbaik selama ini maka bisa jadi 3 periode #PemiluJujur,NurlitaSandy,positive
"@MarahIchsan Bnyak pengkhianat pendukung jokowi tuh om, golkar buat koalisi baru, nasdem dukung got-bener, sandiaga berlabuh ke partai pks, PAN yg buat wacana 3 periode ujungnya pak dhe diserang habis",militan_nkri,negative
"persiden terbaik sepanjang sejarah.yg bikin indonesia terhambat maju adl tidak ada support dari provinsi-desa kbnyakan pd korupsi andai saja pejabat"" kyag bpk jokowi mngkin dana dari atas"" gk bkal dipotong"" hdeh mirisnya negeri kita #JOKOWI3PERIODE",AhmadJa67198343,positive
@musniumar Kewajiban rakyat memberi mandat kepada orang yg di percaya bisa membawa bangsa ini lebih baik lagi... Makanya pak Jokowi di percaya oleh rakyat hingga periode ke 2...sangkin dipercaya banyak juga yg ingin beliau 3 periode... Tapi amanat konstitusi tidak mengijinkan.,WidodoDodo5,positive
"@sigitwid @psi_id @jokowi @kokokdirgantoro @Uki23 Berapa T yang dikorupsi, ngomong realita sampai sekarang jalan Jawa Tengah hampir merata bobroknya, khusus di Klaten 2 periode menjabat ga ada perbaikan jalan kecuali nambal"" ga jelas. di berita makan 2 kenyataan 3 yg dibutuhkan realita bukan ngemeng",RFuntuknegeri,positive
"Gunakan isu 3 Periode, ada yang ingin menampar muka, mencari muka dan menjerumuskan Presiden Jokowi ?
#SukseskanPemilu2024 https://t.co/CaxMjGy2xR",InfluencerIDN,positive
"@MarahIchsan Menurut Aku, jika Jokowi gagal 3 periode, mari kita pilih Prabowo dan Mahfud MD. Kalau Ganjar bmana mungkin  krn PDIP akan jatuh Peminatnya.. ğŸ™ğŸ˜…",iwanhusin17,negative
"@ganjarpranowo 2x periode PDIP + rezim @jokowi
Indonesia ada dititik terendah/terburuk.

Masa mau lanjut, periode ke-3 bersama PDIP dan @ganjarpranowo",DJ_Luvly,negative
@kangdede78 @aniesbaswedan Oiii MONYET.. Sebaiknya anda ngaca diri. Bgmn dgn Tuan anda P.Jokowi yg nafsu minta diperpanjang atau minta 3 periode. Anak dan menantunya aji mumpung masih bau kencur tp bisa jadi Walikota. Setiap warga berhak mencalonkan jd Presiden asal mamou. Anda mampu tdk tiru jejak Anies.,muttaqien1962y1,positive
"Betapa besar keinginanku agar p. Jokowi bisa menjabat 3 periode. Dan itu bukan cuma aku, ada jutaan rakyat waras yg ingin. Tp sbg warga negara yg baik, maka konstitusi harus dijalani sesuai yg telah disepakati. Yg penting, pengganti harus yg mau dan mampu meneruskan....salam ğŸ¤—",MbahWin3,positive
"@jokowi Salam 3 periode pak de.....

Presiden terbaik Indonesia",Zen46808288,positive
"@Aryprasetyo85 @DPR_RI @03__nakula @al_lasan @B3doel___ @ch_chotimah2 @chaterine_8 @DE__JAVU_ @DS_yantie @NgkongRoses @seruanhl @serakyut Salam 3 periode pak jokowi.
Presiden terbaik Indonesia",Zen46808288,positive
"Sangat wajar jika jokowi merasa panik dan takut kalah di 2024, karena memang kekuasaan itu bisa sangat menggoda untuk dipertahanken saat berada dalam genggaman.
Apalagi syahwat tunda pemilu maupun narasi jokowi 3 periode memang semakin tampak berpeluang untuk gagal diwujudken. ğŸ¤”",SugiKawuloAlit,negative
@geloraco Kayak nya jokawi emang di cintai rakyat ya?? Mangkanya takut jokowi 3 periode atau endorse siapa. Klo jokowi engga baik kinerja nya mau ikut pemilu 10 x atau endorse siapa juga bakalan kalah. Logika nya ya,djuna_jr,positive
"Semoga GP tdk kalah hebat shg kami tdk kecewa krn Pak Jokowi tdk boleh 3 periode. If Pak Jokowi were https://t.co/EWINuNlhST be chosen for https://t.co/Q4W38TB2h7.3.term presidency, No doubt all competitors would be defeated.",DjokoRetnadi,negative
"Jika presiden jokowi ikut sibuk terlibat cawe cawe ngurusi koalisi copras capres tentunya sangat wajar, karena memang narasi tunda pemilu maupun narasi jokowi 3 periode peluangnya semakin mengerucut untuk gagal diwujudkan. ğŸ¤”

#JernihMelihatDunia",SugiKawuloAlit,negative
"Pemandangan ini bukan kampanye tapi hanya kunjungan kerja di sebuah daerah.
Dengan kecintaan rakyat yang begitu besar, kenapa banyak yg teriak rakyat miskin dan menolak #Jokowi3Periode ???

https://t.co/jxO3oEeP5m",AnakLolina2,negative
"@Aryprasetyo85 @DPR_RI @03__nakula @al_lasan @B3doel___ @ch_chotimah2 @chaterine_8 @DE__JAVU_ @DS_yantie @NgkongRoses @seruanhl @serakyut pak jokowi 3 periode (murni suara sy yg hanya rakyat kecil) wkwkwk
tp beliau menolak

sy akan memilih calon presiden yg didukung Pak Jokowi",Aisyahbandar,negative
"@RomeoWalker19 Tunai 2 periode.
Dia akan menjadi bagian sejarah, putra terbaik bangsa &amp; negara ini.
1. Soekarno.
2. Gusdur.
3. Jokowi.",KoinMicin74,positive
@HelmiFelis_ Yg cocok jdi pnggnti jokowi cuma pa btp&amp; prof mafmud md/ jokowi 3 periode dunia no baik2 saja ganjar pranowo merakyat sprti pa jokowi no lum tntu brani lawan hegemoni barat&amp; asing klo pa btp dijamin 100% brani bsmi korupsi aja brani palgi lwan barat&amp; asing msuk bui dipolitisasiğŸ˜­,Yenithung1,positive
"@fajarnugros Bg gw jg gasuka jokowi jadi presiden, apalagi kalau sempat 3 periode. Wassalam.
Tapi kalau ini ada kebaikan nya walaupun cuma sedikit, gw dukung 100%
Disana ada jalan 20 thn ga pernah disentuh perbaikan, bayangkan berapa kali gonta ganti gubernur coba",baihqalfarisi,positive
@MardaniAliSera @jokowi Dia Ingin Cari Perlindungan Setelah Wacana 3 Periode Gagal Total Untuk Mengamankan KKN  Koruptor Keluarga Dan Kroninya,MMehonx,negative
"@jokowi duh pak, coba dari dulu kayak gini, tiap jalan rusak di daerah diambil alih pusat buat diperbaiki, daripada ada duit dipake IKN atau kereta cepat Jkt-Bdg yang gak guna, ini lebih bermanfaat..

klo gini jangankan 3 periode, 10 periode pun gasss",firmandus,positive
"@Hasbil_Lbs investor ikn ada, tp mereka minta kepastian support dr pemerintah jangka panjang berhubung tahun depan sudah pemilu, itulah knp isu 3 periode muncul tp dihadang rakyat.
nah skrg jokowi harus nyari suksesor utk memastikan keberlanjutan semua hal yg sudah beliau mulai.",konoy,positive
"@MardhiBond @PartaiSocmed @jokowi Kalo 3 periode semua jalan2 di Indonesia jadi mulus, dan perekonomian naik dari peringkat 19, kenapa tidak?
Toh yg lain jadi presiden belum tentu Indonesia jadi lebih baik",curoci1,positive
"@kh_notodiputro @jokowi Berarti Indonesia harusnya belum siap dgn Pemilu langsung. Rakyatnya masih mental terjajah dong klo gitu. Tujuan Pemilu langsung tuh biar Demokratis dan bisa memilih yg terbaik, eh dapetnya malah yg ga tau malu. Nanti klo robah UU pemilu, dicurigainya, cari celah 3 periode ğŸ¤£",Candra4smara,positive
@dwioktariyadi justru 2 periode SBY yg mampu menaikan IPK 14 poin dibanding 2 periode Jokowi yg hanya mampu naik 3 poin menunjukan kalau Transparansi Pemerintah Jokowi dalam masalah Korupsi dipertanyakan.,nanMudo,negative
@sarah_enjeuLL @aniesbaswedan @tatakujiyati @ekowboy2 @Mdy_Asmara1701 @musniumar Stress setelah gagal menjadikan Jokowi 3 periode,xpresswalang,negative
"@ArjjunaK @gibran_tweet Betul sy liat pak jokowi kl ibadah khusyuk banget,doa nya juga Insyaallah di ijabah Allah SWT,bukti nya anak"" nya sekarang sukses MasyaAllah
Ya Allah jikalau pak jokowi bisa 3 periode",Alfathz01,positive
"@Leonita_Lestari @SantorinisSun Mksd pak jokowi, karena keadaan ekonomi dunia lg gonjang ganjing, sebaiknya kita menghemat apbn dan pemilu bakal ditunda dan jadilah jokowi 3 periode.",hermantwitt,positive
"Alangkah baiknya rakyat seIndonesia ndak perlu kagetan apabila menonton berita tentang presiden jokowi yang akan semakin sibuk nyales kerja blusukan cawe cawe promosi copras capres karena jelas, keinginan untuk tunda pemilu dan syahwat jokowi 3 periode akhirnya amsyong juga. ğŸ˜…ğŸ¤­",SugiKawuloAlit,positive
"@BosPurwa Skenario oligarki untk mnjdikan Ganjar Pranowo(Kakek Sugiono) boneka kedua pengganti Jokowi sdh d jalankan,stlh skenario 3.periode/perpanjangan jabatan gagal stlh mndpt bnyk pnolakn kini skenario kedua yaitu mnjadikn Ganjar Pranowo(kakek Sugiono) sbgai pengganti Jokowi.",Rocky45724744,negative
"jadi kan jon, sbnrnya aku setuju kali jokowi 3 periode. krn indonesia psti jd lebih baik kalo bisa doi tambah 7 periode lg pun jadiii

yg ga setuju kutunggu debat di mori hari rabu sore datang kalo beraniii jgn bacot ajaaa https://t.co/BPveAzGbO3",rikiysf,positive
"@Leonita_Lestari @SantorinisSun Masalahnya sdh tidak mungkin jokowi 3 periode, sedangkan GP adalah pilihan terbaik drpd prabowo, apalagi anies.",hermantwitt,positive
@AndiSinulingga Sibuk copras capres dunia no baik2 saja dmi nkri baik2 saja jokowi 3 periode so psti spa yg jmin ganjar pranowi jdi presiden nkri bsa sehbat pa jokowi ditngah krisis global dunia&amp; PD3&amp; PRANG NUKLIR bsa pcah di dunia no ada jaminan nkri baik2 saja ganti presiden 2024 fakta&amp;nyatağŸ™ğŸ¼,Yenithung1,positive
"@bkapal04 @Bean781 @sahawae_885 @abu_waras @jokowi Iya aja deh GAGAL. 
JOKOWI GAGAL! GAGAL! GAGAL! ğŸ¤£ğŸ¤£
Nah, cek skrg presiden RI udah ganti belum ? ğŸ§ ğŸ¤ğŸ¤£
Toh Jokowi ga bs 3 periode. ğŸ¤£",RomeoDarkKnight,negative
@PartaiSocmed @jokowi Teruuus pak sampai dalam2 Lampung sana yg penyerapan anggaran perbaikan jalannya sudah diposting tp mungkin sj belum ter-realisasi. Stlh itu tolong periksa anggaran Covid19 masuk kemana aja. Tanya bu KaDinKes 3 periode yağŸ«¨ğŸ™ƒ,DirjenAntiAging,positive
@gibran_tweet Dikiranya masyarakat bodo mas..kita mah NKRI Jokowi presiden baik. Bila perlu 3 periode.,MSyaiful_Amri,positive
"- 2 Periode Pemerintahan Jokowi membuat Masyarakat sarat pengalaman baik dan buruk.
Itu menyebabkan Dinamika saat ini berbeda dengan Pilpres 2014 &amp; 2019
- ada 3 opsi Capres di 2024
- Ganjar Pranowo bukan Jokowi",Bambangelf,positive
"3. Saya berdo'a Pak @jokowi dikenang atas pencapain yang monumental atau legacy besar yang menakjubkan, serta tidak terkena second-term curse. Second-term curse atau kutukan periode kedua adalah anggapan bahwa masa jabatan kedua presiden tidak sesukses masa jabatan pertamanya.",Gamal_Albinsaid,positive
@adangsetiadana @budimandjatmiko Uban makin banyak memang makin dongo kok. Apalagi skenario @jokowi 3 periode gagal. Apa gak stress tu mau maksi gratis dmn?,Penipu_Rakyat,negative
"@bianca125547620 Jokowi banyak musuhnya. Demit,iblis,orang hasad,hasut,dengki,dendam sama jkw. 
Susah memang jadi orang baik di negeri ini
Makanya 3 periode aja
Biar habis dulu demitnya ğŸ¤‘",AlexMantap9,positive
"@geloraco Setelah goreng isu 3 periode gagal, skrg bikin narasi sesat seolah2 jokowi cari perlindungan. Barisan sakit hati bakal menderita lg minimal 5 tahun deh.",Rajasmara1,negative
"Seburuk buruknya keadaan, Daripada Jokowi 3 periode mending balikin ke SBY lagi. Selain jago pencitraan, Jokowi ga punya kelebihan apapun dibandingkan SBY. Yg ada minus.",renita_hartini,negative
"Netral dl pemilu BUKAN GOLPUT, tp tdk curang.
- Tuduh @jokowi mau 3 periode. Itu curang
- Tuduh tunda pemilu, itu curang
NETRAL brti bebas curang. Dukung dan pilih yg terbaik adl hak. @jokowi berhak dukung @ganjarpranowo
Pemimpin hebat BERKEWAJIBAN lahirkan penerus kepemimpinanğŸ¤Ÿ https://t.co/UXwKFUrrRm",SahLeoSin,positive
Ini menteri apa tim sukses yaa..dulu minta 3 periode sekarang mau president kaya jokowi..seharusnya Bang Bahlil ini bawa investasi sebanyak2 nya.. udh lah jangan maen politik..gak laku,aminoe1788,positive
@AH_SiregarXIX Kalau bisa 3 periode JOKOWI MASIH YG TERBAIK...PAHAM,gandiltoruan85,positive
@beranibenarr Karena jokowi adalah presiden terbaik selama ini maka bisa jadi 3 periode #GanjarPranowo2024,RereJuniper,positive
"Sebelumnya gw jg menolak 3 periode. Tapi mengingat 5 taun ke depan akan menjadi masa yg sia2 akibat ulah jongos palestina yg di jateng aja ga ada prestasi spektakuler dan jongos yaman yg malah merusak Jakarta, dengan amat sangat terpaksa aku setuju Jokowi 3 periode. Wkwkwk",RealKebenaran,negative
"melihat kandidat2 capres yg ada sekarang, Jokowi 3 periode sepertinya opsi yg lebih baik",filosofiksi,positive
"@hikmat_dinejad @dennyindrayana Krn dia sdg menghayal, menyusun dongeng berurutan agar pembacanya percaya. Ketika tdk terbukti, dia sampaikan krn strategi 1 gagal krn tdk relevan dll. Pdhal dari awal mmg tdk ada niat p Jokowi utk 3 periode. Jd Denny ini sdg menyusun sinetron. https://t.co/4i1KJkGUV9",AriefGka,negative
"@hikmat_dinejad @dennyindrayana Prediksi itu berbasis data &amp; informasi.
Strategi 1 dia menyatakan bhw p Jokowi mempertimbangkan opsi memperpanjang jabatan presiden. Pdhal jauh sblm dia menulis ini, p Jokowi sdh ber-ulang kali menyatakan dia menolak 3 periode. Tp mengapa ttp ditulis oleh Denny?",AriefGka,negative
"@bhayubisma @dennyindrayana Mas, kalau berhalusinasi, tdk perlu pengalaman.
Mengapa sy bilang berhalusinasi? Sdh jelas2 jabatan presiden 3 periode sdh dibantah p Jokowi sejak bbrp thn yg lalu. Bukan cuma 1x tp ber-kali2. Tp tetap saja ditulis yg pertama. Tp.kmdn dinarasikan skenario yg gagal. Kok maksa? ğŸ˜",AriefGka,negative
"@AriefGka @Anaksemut4 @dennyindrayana indikasi 3 periode ada.. cipta kondisi arah sana ada dengan pernyataan2 lingkar kekuasaan dihembuskan, dan di tulisan pak D.Indr juga sudah di sampaikan..ibu Mega tidak mendukung upaya tsb.. maka gagal lah plan ini... anda plikir pak Jokowi lugu? Tentu sudah siapkan plan lain",Satrio_Prasetya,negative
"Kalo ini sih udah pasti yah.
Program presiden Jokowi di pastikan akan terus berlanjut.
Apalagi berduet dg Pak Ganjar sbg Capres. 

Ini ibarat presiden Jokowi 3 periode.
@ganjarpranowo 
@erickthohir 
#GanjarErickDuetTerbaik https://t.co/rokEm64wic",NabilaAr__,positive
@Indonesia45Emas Karena jokowi adalah presiden terbaik selama ini maka bisa jadi 3 periode #GanjarPranowo2024,NoviWinti,positive
"@endonesiatwit @Pret2310 @alexandreanov @budimandjatmiko Bangga amat lu Jokowi 2 periode. Tahu gak lu kalau hasil pilpres 2019 diumumin jam 2 pagi. Kenapa itu?  ğŸ¤£ğŸ¤£ğŸ¤£ğŸ¤£ Cebong gak bakal paham. Emang sih banyak yg ingin Jokowi 3 periode, tapi banyak jg yg nolak. sehingga wacana itu gagal. Kl Jokowi hebat, kan pasti gak gagal ğŸ¤£ğŸ¤£ğŸ¤£",KangMaman204,negative
@tatakujiyati @msaid_didu Jgn bwa2 pa jokowi di pemilu 2024 pa jokowi ingin nkri jauh lbih baik stlah pa jokowi lngser 2024 shg visi misi pa jokowi slesaikan IKN  di kaltim bsa trselesaiksn dg baik no mngkrak gnti presiden 2024&amp; pnggnti jokowi no mampu buat nkri maju hbat&amp; kayaraya jokowi 3 periode solusi,Yenithung1,positive
"Katanya ...ada yang
Kasus penculikan 
Kasus rasis
Kasus amplop kurang tebal
Kasus bokep
Kasus Aibon

Pikir2 baik Jokowi 3 periode aja dah...",monsterhiphoop,positive
"@tanyakanrl Ketika Jokowi nyari2 cara 3 periode melalui kaki tangannya ...
Mega tegas menolak...

Dan itu membuat issue 3 periode melipir ...

Itu sisi positif ya ..
Sisi negatif .. pidatonya nggak ada isi , nggak enak didengar. ..
Celakanya itu menurun ke puan maharani",Julian303,negative
@BungkusTukang @ganjarpranowo @jokowi Baru ini aneh. Etikanya Presiden sdh 2 Periode pula harus fokus kerja. Bukan urus Capres Cawapres penggantinya. Maka boleh diasumsikan sebab2nya. Gagal ke 3 periode yang menyalahi Konstitusi. Kini Endorse calon pengganti. Dunia ngakak melihat kepemimpinan penuh muslihat,betafullyo11,negative
"@Migran_TV_7777 @Inayah969 @jokowi Setelah 99% gagal 3 periode salah satu jalan ya harus mencari inang, parasit tanpa inang akan hancur dan mati.",Al_khawarizmii,negative
@RatuMedia20 Karena jokowi adalah presiden terbaik selama ini maka bisa jadi 3 periode #PolitikIdentitas,indirasion,positive
"@Jelli_cent @M_4bdul_R4ziq @ganjarpranowo @PDI_Perjuangan @JoncyJonacta @100k 1. Karena rekam jejak Pak Ganjar jelas memiliki prestasi sebagai kepala daerah (2 periode)
2. Memiliki ketegasan dalam bersikap, terutama menolak kelompok radikalisme &amp; menjaga keutuhan NKRI.
3. Mampu melanjutkan/meneruskan program pembangunan yg berkelanjutan dari Pak Jokowi.",RonniySoen,negative
"Siapa yg menginginkan Presiden Jokowi 3 Periode?
Siapa yg menginginkan Program2 pak  Jokowi berlanjut?

Jawaban nya cuma 1, dukung @ganjarpranowo
Lebih keren lagi jika berduet dg Menteri terbaik pak @jokowi, @erickthohir
Duet menuju Indonesia Makmur.
#GanjarErickDuetTerbaik https://t.co/uFVftobCAw",NabilaAr__,positive
@puanmaharani_ri @jokowi Tahun 2004 saya menjadi team sukses PDIP dg suara terbanyak dari periode 3 periode,Jalasutera69,positive
"@ZulfanE94952246 P'jokowi walau naik 5 % udh no 7 t'baik sdunia, sdangkan saat junjungan lo ekonomi sdunia lg naik tp RI peringkat brp goblok? &amp; Jokowi ga mau 3 periode paham setan goblok?",demak11008783,positive
@GunawanAryaPutr Negara semakin sejahtera kendaraan semakin padat bukti sebagian besar masyarakat Indonesia semakin baik di tangan presiden Jokowi... Semoga 3 periode,RuauwJohan1,positive
"@f_fathur @prabowo @ganjarpranowo @jokowi @aniesbaswedan @AgusYudhoyono Yg penting @jokowi gagal utk 3 periode
Dan lebih penting lagi pemilu tidak akan bisa di manuver2 lagi utk di coba2 di tunda2. 
Ini kunci nya",abdullah_yanto,negative
"pasca pembuktian loyalitas ""menolak israel"", akhirnya @ganjarpranowo dapat tiket capres dari @PDI_Perjuangan . Semoga dengan ini #jokowi3periode dan #tundapemilu sudah tamat",rizal_pauzi17,negative
"JOKOWI 3 PERIODE &amp; PARA PENGKHIANAT BANGSA!! Mayjen TNI Mar (Purn.) Dr. H. Yussuf Solichien, Ketua Umum Partai Keadilan dan Persatuan (PKP) bicara tentang tentara berpartai, komunisme gaya baru, Jokowi 3 periode dan banyak hal tentang kebangsaan. TONTON DI https://t.co/lDVH04GZlW https://t.co/ENx9MBs7U9",Frednd2,negative
"MIMPI BURUK JOKOWI BAGI NKRI

1. Hutang Menumpuk &gt;8000 T
2. Korupsi, Kolusi, Nepotisme 
3. Kereta Cepat KCJB Mangkrak
4. IKN Mangkrak
5. Food Estate Mangkrak
6. Negara Dijual Ke Cina Buat Jaminan Hutang
7. Overall Ekonomi Nyungsep

Prestasi 2 Periode Yang Sangat Membagongkan..!!! https://t.co/DfuUzSxbuC",abdurah26718123,negative
"@leeivy509 @gibran_tweet @jokowi Saya rakyat Indonesia dan pendukung setia pak Jokowi sejak jd Gubernur DKI Jakarta, tetapi sy menolak dgn keras untuk lanjut 3 periode. Biarkan semuanya berjalan sesuai konstitusi, bapak bisa istirahat di Solo, dan akan kami kenang sebagai Presiden terbaik selama ini.",kangerryudha,positive
"@JuiceQU_Ummi @jokowi ga tau tupoksi dan aturan dia, cuma caper2 doang, berharap rakyat bawah tertipu dan menganggap dia baik, biar bisa jadi alasan naikin ide 3 periode lagi",Adhie935881782,positive
"@leeivy509 @gibran_tweet @jokowi Saya rakyat Indonesia, saya pemilih Jokowi dan saya menolak 3 periode.",nonibeen,negative
"@democrazymedia Ha ha ha ... itu hanya candaan para sastrawan politik, sejati para sastrawan politik mwngakui kehebatan Jokowi, itu ditunjukkan dengan fakta menolak secara mati matian 3 periode.",onoiduB65,negative
"@djoniecash2 @gibran_tweet Bilang bapakmu drun.

Anaknya jangan ngehoax dan suka memfitnah serta buruk sangka.
Otak anaknya rusak !

Gak ada 3 periode bodoh !

Presiden Jokowi taat konstitusi.

Bilang bapakmu anaknya kurang ajar dan gak tau etika.
Songong dan jahanam.
Bilang ya sama bapakmu !",Ki_Cebong,negative
"@MuhiqR @FitraYouse @KhoirilAnwar_ @NasDem @NohCeukenohhh @choymarkochoy @xix0_3 @Yurissa_Samosir Pinter lah, wong udah dua periode bikin jokowi bertahta kok, pertalite juga sukses kan? Sekarang 'jualan' apalagi?",abukuda,positive
"@KaredokLeunca__ Yg Idiot adalah yg selalu menuduh jokowi ingin 3 periode, padahal sejak lama sdh dibantah ybs.",WSetiowibowo,negative
"@Sysulistiar @ZoelHelmiLubis1 @tanyakanrl @jokowi Bener nih ka, awal mula aku dukung bgt pak Jokowi lama2 emng saat dia memerintah hanya di jadikan Boneka JD aku ga suka tp sekarang masa jabatan beliau mau habis saya takut gada yg bisa memimpin sebaik beliau LG. Andai dia diluar lapangan banteng bisa JD 3 periode",28persenmanusia,positive
"@kangwaqfi2 Jadi skg main narasi 3 periode ya? 

Ini Amien Rasis goblok apa tolol? 

Jadwal pemilu udah ada dan ditetapkan.

Presiden @jokowi juga udah berkali-kali menolak dan taat dg konstitusi. 

Bikin narasi kek gini pasti ada tujuannya, mau bikin onar yak! 

Tua bangka bangke!",hendrikk168,negative
"Jadi skg main narasi 3 periode ya? 

Ini Amien Rasis goblok apa tolol? 

Jadwal pemilu udah ada dan ditetapkan.

Presiden @jokowi juga udah berkali-kali menolak dan taat dg konstitusi. 

Bikin narasi kek gini pasti ada tujuannya, mau bikin onar yak! 

Tua bangka bangke!",hendrikk168,negative
"@PakJenggot___ @KaredokLeunca__ Jadi skg main narasi 3 periode ya? 

Ini Amien Rasis goblok apa tolol? 

Jadwal pemilu udah ada dan ditetapkan.

Presiden @jokowi juga udah berkali-kali menolak dan taat dg konstitusi. 

Bikin narasi kek gini pasti ada tujuannya, mau bikin onar yak! 

Tua bangka bangke!",hendrikk168,negative
"@realAmienRais Yang idiot itu yang masih teriakÂ² 3 periode mbah. Kalau kami sih sudah bulet, pak Jokowi selesai 2024 diganti pak Ganjar.

Ayo kapan bayar nazar jalan kaki Jogja-Jakarta? Sebelum ajal lho mbah.",SimbokeSarah,negative
"@realAmienRais Jadi skg main narasi 3 periode ya? 

Ini goblok apa tolol? 

Jadwal pemilu udah ada dan ditetapkan.

Presiden @jokowi juga udah berkali-kali menolak dan taat dg konstitusi. 

Bikin narasi kek gini pasti ada tujuannya, mau bikin onar yak! 

Tua bangka bangke!",hendrikk168,negative
"Jadi skg main narasi 3 periode ya? 

Ini goblok apa tolol? 

Jadwal pemilu udah ada dan ditetapkan.

Presiden @jokowi juga udah berkali-kali menolak dan taat dg konstitusi. 

Bikin narasi kek gini pasti ada tujuannya, mau bikin onar yak! 

Tua bangka bangke!",hendrikk168,negative
