content,Sentiment
"@moviemenfes mencuri raden saleh, 5 cm, aadc. my top 3",positive
"@lzrdy13 sekilas mirip sama yang main di mencuri raden saleh, siapa deh? aghniny haque ya?",positive
"@moviemenfes AADC
Catatan Akhir Sekolah
Alangkah Lucunya Negeri Ini
Merantau
The Raid 1
Tanda Tanya
Love For Sale 1
Warkop Reborn
Marlina Pembunuh 4 Babak
Mencuri Raden Saleh
Quickie Express",positive
@moviemenfes will proudly say MENCURI RADEN SALEH,positive
@moviemenfes 5 cm was good TERUS MENCURI RADEN SALEH i love the plot and the cinematigraphy,positive
"@moviemenfes MENCURI RADEN SALEH

sebelum nonton film itu akuu awalnya mikir palingan ni film b aja pasti gmpng ketebak alur ceritanya dan pas udah nonton aku ngerasa ini film wow bgtt acting pemainnya juga mendalami bgt",positive
"MENCURI RADEN SALEH MASIH JADI TOP NO 1 FILM INDO AKUUU, sama HANGOUT, karena ak suka cerita yg plot twist nya di luar nalar",positive
"@moviemenfes hati suhita
mencuri raden saleh
miracle in cell no 7
my idiot brother
rumah tanpa jendela
hafalan solat delisa
surat kecil untuk tuhan
tenggelamnya kapal ven der wijck
kehormatan dibalik kerudung
bumi dan manusia
until tommorow
22 menit",negative
"Janji Joni
Pengabdi Setan Original
Malam Satu Sura
Hari untuk Amanda
3 Hari untuk Selamanya
AADC
Cek Toko Sebelah
Aruna &amp; Lidahnya
Ziarah
Kulari ke Pantai
Mencuri Raden Saleh",positive
"@moviemenfes pertaruhan full movie
mencuri raden saleh
the big 4",positive
"@moviemenfes 5cm
mencuri raden saleh
imperfect
my idiot brother",negative
"@convomfs Mencuri raden saleh, ngeri-ngeri sedap, sunny, love for sale (season 1 sama 2), photocopier",positive
"Im not a cinephile and I saw a lot less movies than most ppl but i'd say 
mencuri raden saleh&gt;&gt;&gt;&gt;&gt;&gt;&gt;&gt;&gt;&gt;&gt;",positive
#NAME?,negative
"mencuri raden saleh
cek toko sebelah
lovely man",positive
"Kira2 kenikmatan apa yg dimaksud? Yg bgini bakal rame nih!

Full Video
Al Ittihad
Fiorentina
Merinding
Ukraina
Liverpool
Mencuri Raden Saleh
#TegakLurus https://t.co/HQ7f5y1w8z",positive
"Tbh baru nonton mencuri raden saleh dan di bagian amanda bilang ""sayang, mobil aku rusaAk~"" yaampun melting bgt gue asli first crush gue",positive
"@moviemenfes Mencuri Raden Saleh
Penyalin Cahaya
Ngeri Ngeri Sedap

Best pokoknya 3 ini sksksk",positive
"@moviemenfes Ada top 5 versi akuuuu ya ini
1. Mencuri raden saleh
2. Noktah merah perkawinan
3. Imperfect
4. Hello ghost
5. Ayat-ayat cinta 2",positive
"@moviemenfes my top 7 Indonesian Film:
rumah dara
27 step of may
fiksi
penyalin cahaya
mencuri raden saleh
pintu terlarang
5 cm",positive
"@moviemenfes Petualangan sherina
Perahu kertas 1/2
Aadc 1/2
Tanda tanya
Cinta brontosaurus
Mencuri raden saleh
Wedding agreement
Gundala
Pengabdi setan 2
Aruna dan lidahnya
My idiot brother
Raksasa dari jogja
Rumah tanpa jendela
Strawberry suprise
Ketika tuhan jatuh cinta",negative
"@moviemenfes Petualangan sherina
Perahu kertas 1/2
Aadc 1/2
Tanda tanya
Cinta brontosaurus
Mencuri raden saleh
Wedding agreement
Gundala
Pengabdi setan 2
Aruna dan lidahnya
My idiot brother
Raksasa dari jogja
Rumah tanpa jendela
Strawberry suprise
Ketika tuhan jatuh cinta",negative
@moviemenfes mencuri raden saleh :D,positive
"MENCURI RADEN SALEH. SUMPAH KUDU ADA PENERUSNYA SIH INI FILM, i mean genrenya masuk di gue banget ğŸ˜­ğŸ‘ğŸ»",negative
"@moviemenfes Rumah Dara
Danur 2
Alas Pati
Mencuri Raden Saleh
Imlerfect
Marlina si pembunuh dlm 4 babak
Pengabdi setan
Habibie dan Ainun
Perempuan tanah jahannam
1000/10 sih menurut gw
The best banget",positive
"@moviemenfes Janji joni
Mencuri raden Saleh
My stupid boss
Laskar pelangi
The night comel for us
Seperti dendam rindu hrs dibayar tuntas
The raid 1
Marlina pembunuh 4babak
Buya hamka
2 garis biru",negative
"@ssefnum forrest gump, space sweeper, mencuri raden saleh, extreme job",negative
"@moviemenfes mencuri raden saleh, ps 1 2, imperfect, aadc 1, perfect strangers, ptj",positive
"@moviemenfes Banyak film Indo yg bagus, tapi Penyalin Cahaya sama Mencuri Raden Saleh emg top. Penyalin Cahaya gue dibuat bengong bangetttğŸ˜­ğŸ‘",positive
@moviemenfes Mencuri raden saleh hands down yall,negative
"@moviemenfes - i'm perfect
- mencuri raden saleh",positive
mencuri raden saleh was a fresh air for indonesiaâ€™s film industry.,positive
"wts wts wts (want to sell)â€¼ï¸
price in pict
clearenceâ—ï¸
dom bekasi 

t.johnny jungwoo taeyong 2 baddies 
mark hello future jeongwoo first step asahi second step yuna ultramilk mencuri raden saleh https://t.co/TxozLwcsvz",positive
"Mencuri Raden Saleh
rate : 8/10

plot twist nya lumayann, konsep ceritanya juga bagus, actingnya sih bagusssss parahh, tapi diakhir tuh menurut i kurang gimanaa gitu, endingnya juga kurang jelas meskipun jatuhnya happy ending yah, over all recommended sih. https://t.co/f4NvZUUdin",positive
"@keretatidur Mencuri Raden Saleh, i know it was few months ago. How about you, dude?",negative
"I read mencuri raden saleh's cast list and seeing iqbaal's name at the top really made me think that ""he is yhe main character ggvrvsffaaaaa"" ğŸ¥¹ğŸ¥¹ğŸ¥¹ğŸ¥¹ğŸ¥¹ğŸ¥¹ğŸ¥¹ piko ğŸ¥¹ğŸ¥¹ğŸ¥¹ğŸ¥¹ğŸ¥¹ğŸ¥¹ğŸ¥¹",positive
@kittenagi OHNYGOD MENCURI RADEN SALEH HCS OHMMYGEODBUHKUG OMYGOD OMYGOMYGRHGSJR SO TRUE ğŸ’¥ğŸ’¥â€¼ï¸ğŸ”¥ğŸ”¥ğŸ”¥ğŸ”¥ğŸ’¥ğŸ’¥ğŸ¦…ğŸ¦…ğŸ‡®ğŸ‡©ğŸ‡®ğŸ‡©ğŸ‡®ğŸ‡©ğŸ³ï¸â€ğŸŒˆğŸ³ï¸â€ğŸŒˆğŸŒˆğŸŒˆ,positive
"11. Nadia Omara, suka sama cara dia cerita lucu gitu. 
12. Mencuri Raden Saleh, film indo yang sampe sekarang masih membekas betapa kerennya ntuh film. 
13. Bad Boy &amp; Nerd Girl, ceritanya bagus, tapi nih buku kemana ya ğŸ¥²
14. Legend 007
15. DRINK
16. Sft
17. Mahalini ini laguku",negative
"â€” , partner ngusilin chatra. 

11. Pict
12. Jarang nonton film sih, tapi mungkin mencuri raden saleh
13. Love Revolution  â™¥
14. Sebenarnya banyak tapi SOONHOON JAYA JAYA JAYA!!! 
15. Semoga menjadi hari yang baik dan membuka awalan baru yang lebih bahagia. https://t.co/3rtGrXhHdT",positive
"@dynamyths Little Women udah? Kind of similar with the ones you mentioned, menurut gue. Kalau yang baru coba Mencuri Raden Saleh, atau Knives Out mungkin lo demen",positive
piko di mencuri raden saleh deserve better ğŸ¥º,positive
Baru sadar ternyata muhammad khan ini alumni sma ku dulu prnh ngisi webinar gt abis menang piala citra tp pas nonton mencuri raden saleh ga sadar kalo dia main baru ngeh skrg...,positive
"chicco kurniawan, ganindra bimo dan muhammad khan. ketambah the legend rio dewanto this is gonna be another masterpiece. mind you this also from sutradaranya mencuri raden saleh. fix sih ini dari sinematografi sama akting departemen dah secure bgt âœ¨ğŸ¤Œ https://t.co/U0n6Po1aed",positive
"LOOKS PROMISING, nanti liat trailer dulu kalau setipe mencuri raden saleh gue nonton ğŸ§",positive
"Setelah Mencuri Raden Saleh, berikutnya 13 Bom di Jakarta. 

Project terbaru Angga Sasongko ini akan katanya bakal jadi sebuah film action spionase. Patut ditunggu!

https://t.co/6g2sNu54Ql https://t.co/wSRRJL1JAX",positive
@kittiesfield Mencuri Raden Saleh! Apa kamu jadi Catheez aku jadi Livy? :3,positive
i miss mencuri raden saleh sm aaaa when will they release the sequel i need to see my gf sarah kicking some ass and ucup &amp; piko being a gay as usual ğŸ˜­ğŸ˜­ğŸ˜­,positive
"Baru kelar nonton mencuri raden saleh. Gokil sih emang keren ni film, serasa nonton fast n furious vibes nyağŸ˜…",positive
"this sets in the same universe as mencuri raden saleh 
rama and arman what are you doing ğŸ‘ï¸ğŸ‘„ğŸ‘ï¸
(also poor arman. having to deal with bombs AND art heists? i will retire tbh)",negative
"oiya ges kalau ada yang bersedia buat diwawancara mengenai film Mencuri Raden Saleh do kindly DM me ya... butuh beberapa orang buat jadi narasumber skripsiku nih!

terima kasih ya ^___^",positive
"-mrs halo warga komplotan, sender minta tolong buat isi kuesioner skripsiku agar aku bs lulus nih. TENTU SAJA ada hadiah menarik buat para komplotan yang beruntung! linknya ada di poster yah dan QRT. have a great day nyets! https://t.co/g4UKFMOKra",positive
"@moviemenfes Mencuri Raden Saleh
Perfect Strangers
Cek Toko Sebelah
Penyalin Cahaya
Ali dan Ratu Ratu Queens",positive
Very late to the train tapi Mencuri Raden Saleh bagus BGT BGT BGTTTTT aktor aktris nya jg cakep2.... aku bi panic,negative
"7. favorite film: sebelum iblis menjemput 1&amp;2, pengabdi setan, evil dead rise, the conjuring (1,2,3), mencuri Raden saleh, dilan, etc.",negative
"@glycinerouge 8. Mencuri raden Saleh, ali ratu ratu queen, miracle in cell no 07, danur. (Ngga terlalu banyak lihat film ğŸ¤§) 
14. Bangga karena masih bernafas sampai sekarang ğŸ˜
18. Umm 12 jam? :D",positive
Telat bgt baru nonton mencuri raden saleh. Ok bgt sihğŸ¤Œ,positive
Mencuri Raden Saleh is top tier Indonesian movie in my book.,positive
Kharisma Kaur bisa main film Mencuri Raden Saleh. Itu karena ia aktif di medsos. https://t.co/rXH6wEJ5Qd,positive
"Random bgt kmren mimpi 1 meja makan ama vino ama bella ğŸ¤­ apa hrus nnton filmnya yağŸ§ğŸ§ 

Lgi nnton film2 indo 
Aadc 1&amp;2
Aruna dan lidahnya
Petualangan sherina
Wiro sableng
Noktah merah perkawinan
Ngeri ngeri sedap
Mencuri raden saleh 

Apalagi yg bagus ya?",negative
"for my local (ğŸ‡®ğŸ‡©) friends, you can order these through shopee ya!!!

everything is READY STOCK except the notepads bc theyre still in production!

btw i have mencuri raden saleh merch as well ğŸ«¢
https://t.co/IfaABWcN5k",positive
"@WatchmenID Cute unicorn (?), ant-man, SpongeBob versi ayam, minuman nya alm. Mbah Maridjan, font (genshin impact?), Mencuri Raden Saleh poster, Loki poster with shame in you notes?",positive
"@bgctttt @WatchmenID Kupikir ini karakter market. Ga salah, tp writingnya jd tricky apalagi kalo tokohnya banyak

Kadang overeffort buat bikin plot &amp; karakter yg kompleks biar engaging from the first eps, alih2 push di salah satunya macam Mencuri Raden Saleh (plot) atau Suka Duka Berduka (karakter)",positive
@hakufoja Mental hospital sm mencuri raden saleh udah include ğŸ™,negative
"@kunikuzuzushi mencuri raden saleh, devilman crybaby, barbie live in the dreamhouse",positive
@moviemenfes ute si.. sm yg main di mencuri raden saleh tuh 1 lg yg jd pacarnya iqbal.. sisanya b aja si kwkwkwkw ga gimana gimana,positive
"ã…¤

3. Mencuri Raden Saleh

Menurut gue sangat jarang indo membawa tema film heist. Menurut gue film ini bagus buat di tonton. Selain visualnya oke, action dan komedinya juga dapet. Seru banget pokoknya. 

Ratenya 7.5/10

ã…¤",positive
@yhwwy0 i dah lama tak baca indo au sebab favorite author semua stop tulis dah ğŸ˜”ğŸ˜” AND I BACA OHMNANON AND CUPIKO from mencuri raden saleh jerps ... u mau ka,positive
@rentfess Rewatched Mencuri Raden Saleh a few days ago,negative
"Want to sell ì–‘ë„ í¬ê°€
â€¢Price in idr
â€¢Ship ww
â€¢Clearance sell until 25.5.2023

Pentagon Shinwon Kino Jinho Hongseok
Astro Jinjin
aespa Ningning (39k) Karina(45k)
Umay mencuri raden saleh

Wts pc photocards ì—ìŠ¤íŒŒ ì•„ìŠ¤íŠ¸ë¡œ íœíƒ€ê³¤ lot daisy pob love or take lightstick mrs utbh https://t.co/FniHVoJ1Py",positive
"Want to sell ì–‘ë„ í¬ê°€
â€¢Price in idr
â€¢Ship ww
â€¢Clearance sell until 25.5.2023

Pentagon Shinwon Kino Jinho Hongseok
Astro Jinjin
aespa Ningning (39k) Karina(50k)
Umay mencuri raden saleh

Wts pc photocards ì—ìŠ¤íŒŒ ì•„ìŠ¤íŠ¸ë¡œ íœíƒ€ê³¤ lot daisy pob love or take lightstick mrs utbh https://t.co/9AFwJ51PXN",positive
"ê’° wts / want to sell ê’±
Help rt please!

wts PC jaemin hello chilling, y global hot sauce holo work it, chenle the dream individu mumo hs, tuktuk xxi ver 3 ( mencuri raden Saleh) 

ğŸ’° : inc safe packing + admin 
ğŸŠ :  freeong
ğŸ“: Palembang
#zonauangá… á… á…  https://t.co/vAQKtrW8jZ",positive
"they look like a very unhinged newbie robber but acts like a mafia or something, mencuri raden saleh style",positive
"HELP RT!ğŸŸï¸

Setelah sekian purnama Cine akhirnya rilis film spesial â€œIndonesian Movie Weekâ€ Mencuri Raden Saleh!ğŸ–¼ï¸ 
Tiket bisa dipesan pada:

ğŸ“… Senin, 22 Mei 2023
â° 19:30WIB
ğŸ·ï¸ Rp19.000 (recolor +1k)
ğŸ›ï¸ via DM

Scroll for more information! 
#zonauang #zonaba https://t.co/eYb9JlJAHy",positive
Baru aja selesai nonton film mencuri raden saleh. Damnnnn the  movie was so damn good. Recommended to watch!!!!!! 9/10.,positive
"ê’° wts / want to sell ê’±
Help rt please!

wts PC jaemin hello chilling, y global hot sauce holo work it, chenle the dream individu mumo hs, tuktuk xxi ver 3 ( mencuri raden Saleh) 

ğŸ’° : inc safe packing + admin 
ğŸŠ :  freeong
ğŸ“: Palembang
#zonauangá…  https://t.co/HKqFWVX9B2",positive
"Idk if it's because I haven't gone to movies at night for so long, last time was Mencuri Raden Saleh. But going to movies esp weekend, late night is sooo recommended! No traffic going back home, no need no make up cause none's there once you out lmao, can take nap during the day. https://t.co/z3XDhtRvwQ",positive
free is watching mencuri raden saleh ğŸ¤­ğŸ¤­ğŸ¤­ğŸ¤­ğŸ¤­,positive
"@moviemenfes mencuri raden saleh kayanya, udah lama bgt hahaha",positive
@moviemenfes Mencuri Raden Saleh tahun lalu wow,positive
"@convomf - mencuri raden saleh
- pengabdi setan 1,2
- nkcthi
- jujutsu kaisen (series)
- haikyuu (series)
- spy x family (series)
- murder on the orient express
- murder on the nile
- enola holmes 1,2
- school for good and evil
- interstellar
- a quite place 1,2
-  xo, kitty (series)",negative
"@OmHan_ Wkwkwkwk dari pada stress mending lo ikutan mencuri raden saleh, om :))",positive
@badminton__fess ayo mas angga sasongko stlah sukses dengan mencuri raden saleh tolong bikin rencana pembuatan mencuri pak sudirman:((,negative
"@tanyakanrl Always be my maybe
Bad genius
Ngeri"" sedap (missing home)
The call
Forgotten
Unlocked
Rumput tetangga
Mencuri raden saleh",negative
"@tanyakanrl the hitman's bodyguard
the mitchells vs the machines
murder mustery
mencuri raden saleh
knives out
the big 4 seru bgt
extreme job
the night comes from us
baby driver
baywatch",negative
@seirenedes jujur kyk mau main mencuri raden saleh 2,positive
"Iya aku baru tau istilah ""old school"" wkwkwkw lagi sering dipake ya.. 

Pertama denger di Mencuri Raden Saleh

Wkwkwkwk",positive
"KKN di desa penari, squid game, mencuri raden saleh, the glory, penthouse.",negative
"Bussiness proposal, squid game, mencuri raden saleh, dikta dan hukum, series/film apa pun dalam marvel universe.",negative
"mencuri raden saleh, evil dead rise",negative
happy birthday Piko at Mencuri Raden SalehğŸ¤ğŸ¤ #Amazeeng19 https://t.co/Kq2bzwsdzp,positive
"@tanyarlfes Marvel series, The world of marriage, squid game, replay 1988, duty after school, nevertless, wednesday, mencuri raden saleh.",negative
"@moviemenfes squid game, mencuri raden saleh, big mouse, vicenzo, itaewon class, film marvel

ga nonton karena bingung mau nonton yg mana dulu + netplik dah abis masanyağŸ˜­ğŸ˜­ğŸ˜­ğŸ˜­",negative
@convomf mencuri raden saleh kalo nggak better days (INI SEDIH TAPI SERU),positive
@moviemenfes mencuri raden saleh :),positive
"@moviemenfes Terakhir Mencuri Raden Saleh, smenjak film bioskop cepet tayang di apk berbayar jd males nonton ke bioskop :)",positive
"the bad guys: the reign of chaos, the big 4, mencuri raden saleh",negative
@iqbaale give us both of the short and long sleeve version of dicuri mencuri raden saleh tshirt please,negative
"Mvs ONDE MANDEDari produser Mencuri Raden Saleh, Keluarga Cemara, Love For Sale, NKCTHI, Filosofi KopiMore Sumateran Movies? Yesss https://t.co/WNUtoSwuzZ",positive
"tp kalo mighty geraknya di seni musik, kalo komplotan di seni rupağŸ˜”âœŠâœŠâœŠ

nanti klu mighty warriors judulnya bukan mencuri raden saleh, tapi mencuri duit p3jabat-ğŸš¶â€â™‚ï¸ğŸš¶â€â™‚ï¸ğŸš¶â€â™‚ï¸ğŸš¶â€â™‚ï¸ğŸš¶â€â™‚ï¸ğŸš¶â€â™‚ï¸",positive
@moviemenfes mencuri raden saleh hahaha,positive
"Merch Mencuri Raden SalehğŸ”¥ [Exclusive Collectible Ticket CGV,Photocard] https://t.co/SeH4LrXcwU",negative
"ã…¤
ã…¤ã€€`ã€€â€˜ âœ¶ã€€.  https://t.co/29semJ9jYJâ €â €â €â €   highkey wanna plot sampo executing a forgery heist at belobog's museum ( he watched the entirety of ' mencuri raden saleh ' and hasn't stop thinking about the main cast )
ã…¤",positive
"@woongkiboy aakuu jarang nonton pilemğŸ˜­
1. the hunger game
2. dilan 1990
3. mencuri raden saleh
4. harry potter
5. alice in wonderland",negative
hah yg bner aje ni curiga bang young dae nnton mencuri raden saleh,positive
"@moviemenfes Mencuri Raden Saleh, first action movie punya Indo yang aku tonton dan gokil banget!
Kemaren baru nonton Noktah Merah Perkawinan, aku lebih fokus sama acting pemainnya luar biasa sih",positive
"@moviemenfes tenggelamnya kapal van der wijck, bumi manusia, mencuri raden saleh, 5cm, my idiot brother

gabisa kasih review intinya semuanya bagus, dan ga nyesel kalau ditonton",negative
"@moviemenfes My top 5:
1. Mencuri Raden Saleh
2. Negeri Van Oranye
3. Warisan
4. 3 Srikandi
5. Buya Hamka

Tbh sekarang film Indonesia tu bagus2 banget. Genrenya juga semakin beragam. Maju terus dunia film Indonesia",positive
"@moviemenfes Mencuri Raden Saleh

First, gw mau salut karena akhirnya aktor aktor muda Indonesia mendapat genre yang bukan romance. Dan kedua, cerita nya fresh bgt... not a superhero movie, but still have a good cliffhanger. Then, the visual too.",positive
"[HELP RT]
wts want to sell lfb looking for buyer pc photocard mencuri raden saleh aghniny haque ari irham umay shahab

pc sarah tuktuk gofar (with barcode) 20k/ea 
take all 50k

dom bekasi
co ğŸŠ gratong
keep event âœ…
ğŸ’µ exc. packing 
dm for more detail
kindly mention me after dm https://t.co/JpuvjPzjru",positive
"Pasti sebagian besar dari kalian udah nonton Mencuri Raden Saleh dan tau seberapa hype film itu kann. Itâ€™s worth the hype saat kalian tau breakdown dari film ini, apa lagi dengan genre heist yang terbilang jarang di Indonesia.",positive
"BLUEPRINT: The Making of Mencuri Raden Saleh bukan sekedar proses pembuatan film ataupun behind the scene, tapi ada curahan passion yang besar dalam setiap prosesnya https://t.co/nYEsRfoDEJ",negative
"Ucup, played by Angga Yunanda, is one of the key characters in the film Mencuri Raden Saleh. His skill to hack makes him the brain of the group since he uses his wits to create a false identity for the others in order to steal the Raden Saleh painting. https://t.co/3oVdbPNiIT",negative
"Overall, untuk film Blueprint: The Making of Mencuri Raden Saleh merupakan film yang pantas dan layak dibuat serta wajib banget buat ditonton!!!! 

Shoutout to all the crew and actors behind this amazing movie!!!",positive
wasnt really interested to watch mencuri raden saleh but the way ppl are agreeing that tuktuk is the human embodiment of my turn is making me curious https://t.co/ge6uTdfR9X,positive
"Blueprint: making of mencuri raden saleh membahas behind the scenes dari pembuatan film mencuri raden saleh. Dalam video ini menjelaskan tahap-tahap yang dilalui saat produksi film mencuri raden saleh dilakukan, mulai dari saat pra produksi, produksi, dan pasca produksi",negative
"anyway, can i get Mencuri Raden Saleh season 2 please? hehe :)

@hannakhum @VisinemaID",positive
"â€œGreat Teams, Crews and Actors Makes Great Filmâ€. Thatâ€™s Mencuri Raden Saleh.

So, thatâ€™s it about my review for â€œThe Blueprint: Making of Mencuri Raden Salehâ€ documentary film. If you havenâ€™t watch it, iâ€™m forcing you to watch now! Thank you &lt;3 https://t.co/hhS7SK8TUZ",positive
"andddd komitmen dari semua cast dan kru yang terlibat dalam pembuatan film Mencuri Raden Saleh bisa kita liat dari dokumenter ini, how passionate and details they are dari pre production sampe eksekusi nya. https://t.co/Sqxk8ntPeD",negative
just finished watching BLUEPRINT: MAKING OF MENCURI RADEN SALEH and i found out why this film deserves a huge recognition https://t.co/D8m8orzFcw,positive
"Barusan nonton Blueprint : the Making Of Mencuri Raden Saleh di channel youtubenya Visinema

Jadi ini tuh video dokumenter atau bisa dibilang BTS (behind the scene) dari film Mencuri Raden Saleh. Dan gw bkal review video ini

@HannahKum @VisinemaID",negative
"@moviemenfes end game, evil dead rise, doctor strange, pengabdi setan 2, mencuri raden saleh",negative
Baru sudah nonton Mencuri Raden Saleh gila si keren bgt! Very very cool.,positive
"rill tapi blueprint nya Mencuri Raden Saleh bikin gue pengen banget berkembang di dunia yang udah gue terjunin kecil ini. gue pengen bngt jd bagian dari karya karya keren Indonesia dan jadi bagian dari ""blueprint"" nya suatu karya keren kayak MRS ini. i knw gue bakal happy di sini",positive
"IN NO PARTICULAR ORDER KRN GW GABISA URUTIN

mencuri raden saleh, oceanâ€™s 8, avatar, knives out, murder mystery",negative
"1. Semua film series Harry Potter
2. Maleficent
3. The Devine Fury
4. Extreme Job 
5. Mencuri Raden Saleh",negative
"fandom(s) my profile is dedicated to:

profile picture: mandalorian 
banner: bad buddy
display name: for all the dilfs out there ..
username: mencuri raden saleh
bio: all the fandoms im in ğŸ˜­
pinned: star wars

qrt to continue",negative
"maze runner, the good dinosaur, little women 2019, anne with an e, umbrella academy, mencuri raden saleh, enola holmes, marvel movies",positive
"@tanyarlfes korea siapa ya hm??? member nct dream, pacarnya joy CRUSH, member btob, member svt
kalo western yg kembar tiga itu lupa namanya
kalo chinese circle yg pinter main game/aktor e-sport keren tuh ğŸ¤©
kalo indo bang vidi, keanu, bang fadil, circle nya mencuri raden saleh ğŸ¤©",positive
"(2023)
White Noise
Business Proposal
The School Nurse Files
Black Mirror: Bandersnatch
Belle
The Wonder
My Name is Vendeta
Free Guy
The Menu

Gone Girl
Mencuri Raden Saleh
(500) Days of Summer
The Guest
The King of Pigs
Birthcare Centre
Hellbound (S1)
6/45
Reborn Rich https://t.co/RdOm5mXFsa",positive
"@moviemenfes 1. The Greatest Showman
2. nutcracker i guessğŸ¤”
3. AVATAR
4. Yesterday
5. Me time
6. Mencuri raden saleh
7. Borat
8. Dune 
9. ridley scott
10. TLTOR
11. Dr James Moriarty of course
12. lalaland",positive
"minusnya boris, si tokoh utama, is depicted as bapak2 umur 50 taunan jd target pasarnya agak beda dari mencuri raden saleh. kayaknya tokoh teenager/young adult di ceritanya cuma 1 sih ğŸ˜”",positive
"Indo Vers.

1. Kucumbu Tubuh Indahku
2. Pengabdi Setan 2 (Jap.)
3. The Big 4
4. Like &amp; Share 
5. Lovely Man, Soegija, 27 Steps of May
6. KKN, AADC 2
7. Moammar Emka's Jakarta Undercover
8. Marlina
9. Garin Nugroho
10. Laskar Pelangi
11. Rudy Wowor
12. 5 CM, Mencuri Raden Saleh",positive
"Ngeri-Ngeri Sedap (2022)
9.5/10 dari gua, suka banget gila 

Film ini langsung jadi top 1 film Indonesia favorit gua ngalahin Mencuri Raden Saleh. Cerita drama keluarga Indonesia berasa banget konfliknya kayak nguping tetangga ribut wkwkw. https://t.co/Y4ZTkNRzS7",positive
"JANTUNG GUE GA AMAN, abis nonton evil dead terus mencuri raden saleh, deg degan mulu",negative
okay... mencuri raden saleh bagus banget sejauh gue tonton...,positive
"@moviemenfes 1. An Elephant Sitting Still
2. The Killing of Sacred Deer
3. An Elephant Sitting Still, Love Exposure
4. Holy Spider
5. After Hours
6. The Greatest Showman, Mencuri Raden Saleh
7. Possession 1981
8. Stalker
9. Andrei Tarkovsky
10. The Human Condition
11. Vader
12. 21 Jump Street",positive
"@moviemenfes miracle in cell no.7, ngeri2 sedap, gara2 warisan, mencuri raden saleh, perfect strangers, ini indoo semua nder",positive
mencuri raden saleh is mid (plot wise) im watching this on netflix,positive
Gausah ribet-ribet mencuri lukisan raden saleh mending mencuri 2 grand piano Steinway &amp; Sons walaupun lebih gede kayaknya risknya lebih kecil #advice,positive
"Nama: dek cute
Usia: tahun ini 24
Jenis Kelamin: Perempuan
Domisili: kab tegal tapi skrg di rantauan 
Agama: islam
Status pekerjaan: admin
Tinggi badan: 150
Berat badan: 48
Hobi/minat: rebahan sama nonton film
Film favorit: mencuri raden saleh, dilan, banyak sih sebenernya",positive
"5. ğŸ“ ğŸğšğ¯ğ¨ğ«ğ¢ğ­ğ ğ¦ğ¨ğ¯ğ¢ğ ğšğ§ğ ğ­ğ¡ğ ğ«ğğšğ¬ğ¨ğ§ğ¬

bad genius, Harry Potter, the nutcracker and the rour realms, Home alone, mencuri raden saleh. 
suka banget sama plot nya, enteng tapi gak ngebosenin.",negative
"gue blm kelar nonton Mencuri Raden Saleh tapi gue udh bisa bilang kalo film ini emg worth the hype. 10/10 untuk plot, the actors, cinematics, all of them was COOL AS FUCK.",positive
"9,7/10
Mencuri Raden Saleh.

Baru nonton film ini setelah lama boomingğŸ˜…
Film Indonesia yang menurut excellent dan punya warna lain.
Raden Saleh sendiri memang tokoh sejarah fenomenal, tapi yang namanya tokoh sejarah pasti ada yang tidak kenal termasuk aku tadinya. https://t.co/4JVODdUZLQ",positive
"High and low ( semua film ) 
Mencuri Raden Saleh
Jujutsu Kaisen 0",positive
Telat bgt gua baru nonton mencuri Raden Saleh gila bagus banget:(,negative
"List film/series yg bakal aku rewatch sejuta kali:
-(anime) Gin no Saji
-(film) Tabula Rasa
-(film) Mencuri Raden Saleh
-(series) Extraordinary Attorney Woo
-(film) Heidi ver. 2015
-(series) Zetsumeshi Road
-(series) Alice in Borderland
-(anime) Kakegurui",negative
"the greatest showman
mencuri raden saleh
pengabdi setan 2",positive
"@moviemenfes RILLL PLS BANYAKIN FILM ACTION KAYAK MENCURI RADEN SALEH, THE BIG4, GUNDALA DLL",positive
"oh wait i was thinking hard about which indonesian film should i play for movie screening in leuven (for the workshop thingy) and i couldn't find anything else beside horror. now i just remembered this movie exists, sooo mencuri raden saleh it isğŸ˜ƒğŸ‘",negative
!!!genuinely asking kenapa tbtb fansnya mencuri raden saleh in rush untuk beli pc ya mau ada event kah ???? https://t.co/kQjfZho9wo,positive
"mnurut klian slama nonton di bioskop, film apa yang paling top? kaya pas banget nonton itu di bioskop.
aku: Mencuri Raden Saleh
AKU BISA KASIH RATE 10/10 KARENA EMANG SERU POL, LUCU DAPET, SEDIH DAPET, DEGDEGAN NY JUGA DAPET, KAYA AKU MRASA BRUNTUNG NONTON IYI PAS DI BIOSKOP",positive
this is that random CGI scene in Mencuri Raden Saleh,negative
"Juga, mencuri raden saleh itu bisa bagus bgt karna acting dri actornya benerÂ² totalitas. Iqbaal yang benerÂ² menjiwai Piko, Angga sebagai Ucup, dan yang lainnya, yang mana mereka udh top tier young Indonesian actors, nambah budget lagi.
Story writing juga cukup lama.",positive
"Susah. Film horror itu penjualannya paling tinggi, pasarnya udah ada, Di tahap produksi pun formulanya udh banyak. Budget ga terlalu banyak. Angga Sasongko itu spent more than 20 Billion rupiah for Mencuri Raden Saleh. Meanwhile KKN di desa penari spent Â±15Bilion",positive
@moviemenfes Hahaha banyakin film kaya mencuri raden saleh hahahaha,positive
"@moviemenfes pls iya anjr, FILM KAYAAA MENCURI RADEN SALEH ITU KEREN BANGET XKJSKSKSLSL dia bener bener keluar dari zona nyaman dan BERHASIL!?!?!? stop buat film horror and film cinta cintaan yang selalu ngehubungin sama agama :))",positive
mencuri raden saleh tuh selain filmnya emang seru terus hawa fangirling/fanboyingnya juga seru bgt kayak ada au  ada stan twt dkk (GMN YA JELASINHYA) secara natural narik penonton juga kayak a fresh experience aja yg mnrt gw,positive
jujur mencuri raden saleh juga kalo castnya bukan iqbal dll gak laku letâ€™s be honest here karna udah banyak film indo kayak mrs tapi ya gitu,positive
"@moviemenfes ""Kalo kata gue sih mending indo banyakin film kaya mencuri raden saleh""

Fixed",positive
mencuri raden saleh itu salah satu film worth to watch banget sumpah,positive
"@hmtly yang lagi on going ""the good bad mother"" sama ada satu film indo fav aku ""mencuri raden saleh""",positive
"@moviemenfes nih nder film indonesia non horror favorite gue 
1. mencuri raden saleh
2. the big 4 (action)
3. ngeri ngeri sedap (comedy)
4. teka teki tika (mystery) 
5. headshot (action) 
6. hangout (comedy tp agak thriller) 
7. bebas",positive
@Bambangmulyonoo Kalo gak salah bliaw main di film Mencuri Lukisan Raden Saleh,positive
"baru pulang  belajar (*main) 
gpp, hari ini healing duluu. habis nonton Ratu Ilmu Hitam, Mencuri Raden Saleh. Keramat 2 mweheheeh ğŸ˜‡ğŸ˜‡",positive
"@moviemenfes Dark comedy - 7 psycopaths 
Heist - mencuri raden saleh 
Romcom - kapan nikah?",negative
"hah w baru kali ini nonton mencuri raden saleh keren banget anjirğŸ˜­ 
ni film dari dulu aku skip mulu soalnya kaya boring tapi ternyata pecahh",negative
"mencuri raden saleh i guess, cause lately im in the middle of anime",negative
"5. Pengabdi Setan 2 : Communion - 4 Agustus 2022
6. Miracle In Cell No. 7 - 14 September 2022
7. Mencuri Raden Saleh - 26 September 2022
8. Black Adam - 27 Oktober 2022
9. Black Panther : Wakanda Forever - 28 November 2022
10. Sri Asih - 30 November 2022",negative
"i just watched mencuri raden saleh, THAT MOVIE IS SO GOOD OMLLLLLLLLL",positive
"There is one Indonesian film called Mencuri Raden Saleh (Stealing Raden Saleh, look it up on Netflix). That film, I've watched that 28 times up to this time. 

Oh, next film is The Chronicles of Narnia. Don't ask me why, Edmund just hot asf. And he is kinda the bad guy.",negative
"@Khaogazm dapuq Piko from mencuri raden salehğŸ˜±ğŸ˜³bruh das too much, legs turn into noodle, thank you banh https://t.co/TIrXRgFPVo",positive
"@Piyik_Seken Holy shi piyik is piko mencuri raden saleh

That is insane skill",negative
"@moviemenfes Masuk ke one of most memorable indonesian movie versi gue. Di saat itu jarang atau baru ni film yang punya tone berbeda dari film lain so fresh jadinya, Ga sempurna memang, tapi ya so far so great lah, kek Mencuri Raden Saleh yang menurutku satu reason n kategori sama ni film.",positive
@Avalanshes Nanti kita main di Mencuri Raden Saleh.,positive
kemana aja gue baru tau kalo mvs mencuri raden saleh sebagus itu?:( mengingatkan ku pada Now You See Me.. tp keren bgt!!! nunggu bgt kelanjutannya https://t.co/3HUtpaQ54Z,negative
IMAGINE MINGYU MAIN FILM MENCURI RADEN SALEH,positive
"@moviemenfes indo : 
-ali &amp; ratu ratu queen's (wkt di dalem gang terus ibunya si ali teriak ""im a bad mother"")
-mencuri raden saleh (komplotan piko berantem malem malem ujan deres dan wkt dibuka topengnya ternyata ayahnya piko sendiri)",negative
"@RahmahSj @moviemenfes hmm.. not bad, premisnya bagus walau dari segi plot cerita sederhana sebenernya - bisa ketebak. cuma sinematografinya oke si. 

7/10 lah buat Mencuri Raden Saleh. 
BALAS DENGAN KARYA ğŸ¨ğŸ”¥",positive
"@moviemenfes mencuri raden saleh, virgo, Dr Strange,  sama Ant Man belinya langsung, wkwk https://t.co/0RKpdZNfXd",negative
"Setelah menonton mencuri raden saleh degdegan sih dikit, tp ttp ae comic 8 madih tahta tertinggi di perfilman Indonesia bagi gueğŸ˜­ğŸ˜­ apalagi disitu si iqbal dan mem cjr laenny masih pada kiyowok",positive
"ğŸ¥³Share is very appreciatedğŸ¥³
NEW DOUJINSHI LINE-UP For Tanah Abang Honey 1.0 E15ab ! 
We have Genshin Impact, Gintama, Project Sekai, Chainsaw Man, Mencuri Raden Saleh, and many more! 
You can Order in here : https://t.co/y9VyCafAMy
#comifuro16 #comifuro16catalogue #CF16 https://t.co/j6ckWsIglc",positive
"@moviemenfes Mencuri raden saleh hahaha, best 2022 film",positive
ada ga si film/series indonesia yg naruh romance di posisi kedua setelah main story? kyk mencuri raden saleh gt. lagi capek baca subtitles ğŸ¥²,positive
"@moviemenfes Indonesia: 
1. Mencuri Raden Saleh
2. Tampan Tailor
3. Kembang Api

Luar Negeri:
1. White House Down
2. 3 Idiots
3. Hanbando",negative
"@moviemenfes Mencuri Raden Saleh, kek ini bukan genre w terus yg main juga bukan aktor fav w. Ehhh kok ya bagus trs malah keterusan ngebucinin mereka smpe sekarangğŸ˜­",positive
"@moviemenfes mencuri raden saleh,,,,, rewatch lagi lol",positive
@ppalmnueng all the boys from mencuri raden saleh main cast (including him) got that indo's it boy potential for me,positive
"Sangat cebleh tapi film indo tuh mencuri raden saleh sama pengabdi setan sksksjssj gak ada yang bener2 bikin w berada dalam euphoria ""i love cinema"" banget selain pas nonton mcr dan kalau pengabdi setan mah wajib lah ya ğŸ™",positive
"@kachoo27 jarang nonton filmğŸ˜­
Magic hourğŸ’¯, london lv story, mencuri raden saleh",positive
"Setelah berbulan bulan bertahan, sempet turun, sekarang Mencuri Raden Saleh masuk top 10 netflix lagi. Diluar nalar ğŸ™ŒğŸ™ŒğŸ™Œ",positive
"@moviemenfes suka ama anak ini pas main di film mencuri raden saleh... let it flow, kmu punya value dan vibe tersndiri",positive
"Cek toko sebelah 2
Ngeri'' sedap
Qorin
Mencuri raden saleh
Mahasiswa baru
A perfect fit
Ghost writer 2
20th century girl
June &amp; kopi
Cinta laki'' biasa",positive
"@rushinvelvet @cornneliast Dion wiyoko&gt;&gt;&gt;&gt;&gt;angga. But compared to nicsap, Ucup as a supporting role in Mencuri Raden Saleh is DEFINITELY WINNING over that bland ass rangga. â¤ï¸",positive
"Tentu tydac setuju. 
Aura Nicsap itu untouchable+misterius. Macem cowok komik yg tydac mungkin dimiliki di dunia nyata.
Angga itu lebih pretty boy. 

Acting wise sih ai kenot komen en komper yha secara gue cuma pernah nonton angga di mencuri raden saleh.",positive
"give me your 3 best mvs indo, for me :
1. mencuri raden saleh
2. ngeri ngeri sedap
3. warkop DKI reborn (jangkrik boss)",positive
"@moviemenfes ngeri-ngeri sedap
glorious days
lovely man
penyalin cahaya
the big 4
mencuri raden saleh
bumi manusia",positive
"@moviemenfes Dunkirk
Interstellar
The Batman
Evangelion Thrice Upon A Time
Endgame
Top Gun Maverick
Blade Runner 2049
No Way Home
Weathering With You
Tenet
La La Land
Mencuri Raden Saleh
Cars 1",positive
"@moviemenfes i need more ""mencuri raden saleh""",positive
"@tanyakanrl waktu pertama kali itu me time nya nonton film nya thor n love, masih pake gojek. terus kedua, pake motor sendiri buat nonton mencuri raden saleh. terus selama me time sih sambil nunggu jam film nya nyari minum sama ke gramed, abistu habis nonton sung pulang deh.",positive
"@moviemenfes untuk inter: endgame!!! euforia bgt nontonnya wkt itu,  forrest gump &amp; a man called otto (yes, i love tom hanksğŸ¥¹), the autopsy of jane doe.
untuk lokal: surat dari praha &amp; mencuri raden saleh.",positive
"@moviemenfes Buat lo kalo yang suka nonton harus plot nya interesting dan keren. 
- action Tenet 
- thriller Dont Breath (1) 
- mystery Knieves Out (1/2) 
- Indo terbaru, Mencuri Raden Saleh 
Tips buat yg newbie, baru suka nonton kayak gua. Kalo menurut lu filmnya bagus liat directornya https://t.co/8xJhzvwJv9",positive
"sejauh ini film mencuri raden saleh is the best Indonesian movie, pemainnya, alurnya, aktingnya on point semua!! Kayak the character of each pemain nempel bgt sm aktornya saking bagus aktingnya. Alurnya ga aneh like some I-movies, benerÂ² ga ketebak at some point tpi bagus plotnya https://t.co/tZIM5itbFS",positive
"Fantastic Beast, Mencuri Raden Saleh",positive
"@moviemenfes Searching, mencuri raden saleh, top gun maverick, john wick, kny the movie",positive
@moviemenfes the greatest showman sama mencuri raden saleh!,positive
"@moviemenfes Happy New Year, The Professional, Lupin the 3rd, Mencuri Raden Saleh, China Zodiak, Triple Frontier, Mission Impossible franchise, Comic 8, banyak deh perasaan",positive
"@tanyakanrl Emily in Paris
Anne with an e
Alive
Enola Holmes
Money Heist Korea
Mencuri Raden Saleh",positive
"@moviemenfes Mencuri Raden Saleh.
Kdrama, Beyond Evil.",negative
"@ritubatu 7. anything about psychology
22. so far mencuri raden saleh, i really loveeee that movie",positive
Avengers End Game sama Mencuri Raden Saleh,negative
@moviemenfes Mencuri raden saleh for sure,positive
@moviemenfes Tyda lupa All of Us are Dead dan Mencuri Raden Saleh,negative
"@moviemenfes weak hero class, mencuri raden saleh, sherlock holmes bbc, seriesnya my roomate is a detective",negative
"@moviemenfes Better days, Mencuri Raden Saleh, A Little Thing Called Love, Little women https://t.co/z1ERFgND8E",positive
@moviemenfes mencuri raden saleh hahaha,positive
"mencuri raden saleh, all of us are dead &amp; weak hero class 1 come fight me if you disagree.",negative
"@FinaZakiyyah @moviemenfes Beda ih. Coba kalau mau liat promosi berkualitas tuh liat promosinya Mencuri Raden Saleh, enggak pake buzzer tapi ngandelin admin kreatif &amp; ngemanfaatin cara gen z merespons sesuatu.

Promosi Khanzab mah bukan bikin tertarik, malah bikin enek :(",negative
"@moviemenfes Avatar 1&amp;2 (2009 &amp; 2022)
Inception (2010)
Interstellar (2014)
Little Women (2019)
Malignant (2021)
Mencuri Raden Saleh (2022)
Parasite (2019)
Se7en (1995)
The Godfather (1972)
The Shawsank Redemption (1994)
Trilogy LOTR (2001-2003)",negative
"@ArjunFoundMe Ada kok sebenernya, mungkin bisa di eksplor lagi aja. You can try Mencuri Raden Saleh, the latest movie that worth to watch and worth to hype. Untuk yang lainnya ada Kembang Api, Ngeri-Ngeri Sedap, The Big 4, dan karya-karya dari Ernest Prakasa sama Raditya Dika.",positive
"gue tuh baru bisa nonton bioskop dari akhir tahun kmrn, jadi mnrt gue tuh black panther 2 sm mencuri Raden Saleh",negative
"the greatest showman tp aku sendiri jg ga nonton di bioskop, mencuri raden saleh, jujutsu kaisen 0",positive
"@Hazuyumi 1. Avengers end game
2. Godzilla vs kong
3. Jurassic world 
4. mencuri raden saleh
5. your name",negative
"@kuromieem 1. Avengers end game
2. Godzilla vs kong
3. Jurassic world 
4. mencuri raden saleh
5. your name",negative
"fuck mencuri raden saleh, aku akan mencuri hatimu!",negative
"For example : @YuukokuKing, Ucup from Mencuri Raden Saleh.
5. DM cannot be represented.
6. You can already change your muse if you get this reaction ğŸ‘ and ğŸ‘ if the muse you choose has been taken by someone else.

Good luck.",positive
"waktu itu nonton mencuri raden saleh sih ASELIIII sama nonton missing. selain vibesnya beda, itu rasanya satu studio bener bener definisi nobar karena reaksinya barengan terus jadi lucu ğŸ˜­ğŸ˜­",negative
@moviemenfes mencuri raden saleh sih :(( udah 4x dehh rewatch sm yg di bioskop,negative
"Yang masih membekas tuh film Mencuri Raden Saleh, film sejarah atau documentary mostly about war baik indo ataupun luar contohnya kayak fury, all Disney and Marvel movies terus seriesnya Harry Potter termasuk fantastic beast",positive
the way i cant watch mencuri raden saleh because it brings back so much traumatic memories ğŸ’€ğŸ’€ğŸ’€,positive
"@HabisNontonFilm Mencuri Raden Saleh
Night Bus
Ngeri Ngeri Sedap
Gundala
Sri Asih
Tenggelamnya Kapal van der Wijck
Selamat Pagi, Malam
Lovely Man
Dua Garis Biru
Penyalin Cahaya
Ada Apa Dengan Cinta?
Noktah Merah Perkawinan
Kala
The Raid
5cm
Perempuan Tanah Jahannam
Doa yang Mengancam",positive
"@joshualouvie Hmmm bingung yah soalnya suka semua ğŸ˜­
1. Spiderman No Way Home
2. Mencuri Raden Saleh
3. Sweet 20",positive
"film indo: hangout, mencuri raden saleh, june &amp; kopi
film western: the boy, don't breath, red notice, mission impossible",negative
"babyâ€™s day out 
cinderella
maleficent 
maleficent : mistress of evil 
josee, the tiger and the fish
Nanny McPhee 
ratatouille
the lion king
orphan
mencuri raden saleh
aku tahu kapan kamu mati",negative
"Mencuri Raden Saleh
Little Women
Flipped",negative
4. My favorite movie ever: Mencuri Raden Saleh https://t.co/eBJz1itl8l,positive
"@333DRUIG â•± mencuri raden saleh, habibie &amp; ainun (semua), eiffel i'm in love, laskar pelangi.",positive
"mencuri raden saleh keren banget 33x bjzhir berasa nonton hollywood class movie, hands down film indo terkeren from my #sipalingreviewfilm point of view. hahaha jujur dikit &amp; jarang nonton film indo juga sih so most likely inaccurate &amp; debatable, BUT STILL, MENCURI RADEN SALEH ğŸ”¥ https://t.co/Ux5TC91q26",positive
pls rekomendasi film atau series deh yang kea modelan mencuri raden saleh dong [desperate],negative
"gua kemarin nonton film mencuri raden saleh. film produksi indonesia yang menurut gua bagus dan rapi! 

alur ceritanya juga engga ngebosenin walaupun jujur kurang suka sama akting para pemainnya

so far so good, gua kasih rating 0.5/10 buat film ini. kurang suka. https://t.co/VjX0ljGbCL",positive
Doodle of #kavetham / #haikaveh from hit game Genshin Impact as hackforger/cupiko from Mencuri Raden Saleh?!? https://t.co/t9ZSPa8kyn,negative
"@dearlysuj ok sih hawanya seperti film mencuri raden saleh, tapi let's see wkwkwk",positive
"Very very underrated, why is this movie is not as popular as Mencuri Raden Saleh is such a mystery",positive
"series The end of the fucking world, drakor Mr.queen, anime HunterxHunter &amp; Aot, dan film Mencuri raden salehğŸ‘ğŸ¼âœ”ï¸âœ”ï¸âœ”ï¸",negative
"@moviemenfes - do revenge
- the big 4
- sydney white
- the bunny house
- mencuri raden saleh
- the wind rises
- howl moving castle
- good burger
- grease
- isn't romantic
- fall for christmas",positive
#TaxiDriver2Ep16 ada sedikit unsur film mencuri raden saleh nya hahaha,positive
@moviemenfes Film mencuri raden saleh ga se wow itu alias b,positive
"@moviemenfes Yg sangat sukses kalo dr penonton ya kk en 
Tp gamungkin kaka en kan?
Tebakanku si kalo horror, maybe satan slave?
Romance: aadc?
Komedi: cek toko sebelah?
Anak2: petualangan sherina
Action: mencuri raden saleh",positive
"@ssefnum Yuk yul, i love mencuri raden saleh",positive
"@WatchmenID Mencuri Raden Saleh, right?",positive
"@moviemenfes Spider-Man No Way Home
A Man Called Otto
Mencuri Raden Saleh
Inception
The Dark Knight
Blade Runner (1982, 2017)
Guardians of the Galaxy 2
Avengers Endgame
Hacksaw Ridge
Birdman
Whiplash
The Shawshank Redemption",negative
"1. Gus Afif itu terlihat berwibawa, tapi yang main Ari Irham walau gw embg suka bgt stlh nnton mencuri Raden Saleh, but gaads yg lebih tua khğŸ˜­. Gus Afif tuh penggambaran dewasa nya gak cuman di pikiran, tapi juga di badan. Abisnya doi udah lama belajar dan sudah terlampaui",positive
"our second movie dateâ€¼ï¸
we watched ""Mencuri Raden Saleh"" that day and that so cool omg 100/10 from usâ€¼ï¸ https://t.co/IJ7eG9ML6H",positive
"Round 01 

1. â Tidak lahir di tahun 1999 dan 2000.
2. â Tidak Pernah collab sama brand makeup.
3. â Tidak main di Mencuri Raden Saleh.

= 37",negative
"ã…¤

round i,

- 1999 &amp; 2000: â
- mencuri raden saleh: â
- collab w/ a makeup brand: â

remaining lives: 37. 

ã…¤",negative
"-1: Tidak lahir di tahun 1999 dan 2000.
0: Pernah collab sama brand makeup.
-1: Tidak main di Mencuri Raden Saleh. https://t.co/SsGHMbO2Y3",positive
"R1.
1. Aman. 
2. Collab sama brand make-up. (-1)
3. Main di Mencuri Raden Saleh. (-1)

Sisa love: 38.",positive
"R1. (-2) 
&gt; Belum pernah collab sama brand make up.
&gt; Tidak main di film Mencuri Raden Saleh. 
Lives: 38. https://t.co/xjP84j5vCT",positive
"1. LAL yang lahirnya BUKAN di tahun 1999 &amp; 2000.
2. Lal yang belum pernah collab sama brand make-up! (Aku sama Maybelline)
3. LAL yang TIDAK main di Mencuri Raden Saleh. https://t.co/2S7IQa8SFk",positive
"Films with the most nominations at #PialaMaya2023 

â€¢ â€˜BEFORE, NOW, &amp; THEN (NANA)â€™ â€” 11
â€¢ â€˜LIKE &amp; SHAREâ€™ â€” 11
â€¢ â€˜MENCURI RADEN SALEHâ€™ â€” 11
â€¢ â€˜QODRATâ€™ â€” 11
â€¢ â€˜NGERI-NGERI SEDAPâ€™ â€” 10
â€¢ â€˜NOKTAH MERAH PERKAWINANâ€™ â€” 10
â€¢ â€˜PENGABDI SETAN 2: COMMUNIONâ€™ â€” 10 https://t.co/qjgCTifNTu",positive
@cheeszqy mbk suyun main mencuri raden saleh ğŸ˜¥ğŸ˜¥ https://t.co/mfGiOHdQYm,positive
"As an actor, I think he's smart. Cermat memilih project. 5 film dia yg dah gw tonton (dilan 90-91, bumi manusia, ali &amp;ratu2 queens, mencuri raden saleh) bagus semua.. genrenya beragam, semuanya menyenangkan untuk ditonton. Aktingnya bukan yang bagus banget tp ya ga jelek juga.",positive
"percy jackson, little women, mencuri raden saleh.",negative
"@moviemenfes The Pool, Mencuri Raden Saleh, Drishyam, Kaahani 1&amp;2, Hasem Dilruba, Mission Imposible (frenchise), Bad Genius, apalagi ya.. 
Banyak deh",negative
"Angga Sasongko menuju level yg berbeda, ekspektasi penonton minimal kayak Mencuri Raden Saleh bahkan kalo bisa diatasnya wkwk",negative
"@tanyarlfes Pernahh ketemu aktris cilikk yg kemaren juga main di film mencuri raden saleh. Inii positif bangett yaa btw. Ternyata diaa baik bangett, ramah jugaa. Aku ketemunya kebetulan di toilet. Pengen minta fotbar tapi ga enak, soalnya tempatnya ga proper. -c-",positive
"@cikunsolihat_ woahh mantapss.. ini setelah film mencuri raden saleh apa sblm kun? klo sebelum, kamu aku kasih hadiah.. hahaha",positive
fucking mencuri raden saleh,negative
@tanyarlfes mencuri raden saleh sm true beauty,positive
@phitrimedina @sbyfess Mencuri raden Saleh beneran kayak angin seger di tengah film horor gk jelas Dan di endingnya itu plot twistnya bikin nunggu next movie mau gmn lg. Ps 1 emg remake tapi sama jokan di ps 2 di buatakan universenya jadi nyambungnua smooth Dan pasti keren jauh sama yg 10 juta,positive
OH he really said this would be TWO TIMES bigger than mencuri raden saleh... this is highly anticipated,positive
mencuri raden saleh mencuri raden salah kapan mencuri hatiku (wtf is this bullshit),negative
"Setelah Mencuri Raden Saleh, berikutnya 13 Bom di Jakarta!

Project terbaru Angga Sasongko ini akan menjadi sebuah film action spionase ğŸ˜® https://t.co/o1aj3O7Wvo",positive
@FilmIndoSource tadi di interview sama ecommurz dia bilang its gonna be two times bigger than mencuri raden saleh. interesting...,positive
"@moviemenfes Kalau ada batas waktu fine, aja kalau selamanya, ya goodbye bioskop, mungkin saya tidak akan menginjakan kaki di sana kecuali filmnya ber genre seperti mencuri raden saleh",positive
"@vnllltee @convomfs mencuri raden saleh, worth to watch",positive
"@moviemenfes gimana yaa bukannya ga cinta sama produk Indo,  skrg hampir semua film pola ceritanya sama aja ga ada yg spesial gmn mau rame tuh film Indo, yg bagus bisa keitung jari, macem ""mencuri raden saleh"" yg menurut gua lebih fresh karena kan jarang ada film tema heist di Indo ya",positive
"@moviemenfes mencuri raden saleh, ali &amp; ratu ratu queens, sweet 20",positive
"i just watched ""mencuri raden saleh"" (yes im very late to watching movies stfu) it was good but the pacing was so weird that it actually felt like a 3 hour movie. Pretty okay heist movie, good acting, okay plot, the camera and cinematography was spot on. solid 6.5",positive
"Tentu saja, 

My Top 2  Librarians @Freya_JKT48 @A_ZeeJKT48 ğŸ™Œ
Zee kek Piko sumpah HAHA Piko di  Mencuri Raden Saleh https://t.co/QgNHysvNuC",positive
"@kalilamart 7. Mencuri Raden Saleh &amp; Cruella!
11. Optimistic :D",positive
"@iayuko 6. Semua aku dengerin n aku suka! Tapi sekarang lagi mood dengerin kpop sampe mabok
7. AAAA BARBIE KEHITUNG GAK SIH?? Tapi Mencuri Raden Saleh sama Cruella masih jadi fav sampe sekaranggg
10. I'm single aww ğŸ˜»",positive
"202. Mencuri Raden Saleh agaknya menjadi standar tertinggi film heist di Indonesia untuk saat ini. Bicara soal ide, bukan sesuatu yang fresh. Namun ini cukup menarik, mengingat film dengan kompleksitas seperti ini masih tergolong sedikit di Indonesia. Tipe popcorn movie yg asyik! https://t.co/INy7wYSVDO",positive
Best jugak movie Indo Mencuri Raden Saleh. AlaÂ² perompak bijak gitu.,positive
watching Mencuri Raden Saleh and I find it so funny how they ran all the way from SCBD to Senen in a matter of seconds,positive
apakah mencuri raden saleh worth to watch?? ğŸ¤”,positive
i know its too late i just watched mencuri raden saleh and it was really good! not the best movie in the genre but i appreciate it that much knowing that its indonesian movie.,positive
"Mimpi punya geng kayak di Mencuri Raden Saleh, tapi kerjaannya halal HAHA. Namanya uhgood (kebanyakan baca AU kayaknya gue). Kita ngerjain project advertisement. Terus ads kita debut di gedung kayak gini. Sebelumnya ada masalah karena beberapa file ada yang hilang, https://t.co/FRaCiYtUby",positive
"@astetroid 1. Mencuri Raden Saleh
2. Ngeri-ngeri Sedap
3. Wednesday
4. Enola Holmes 
5. Ranah 3 Warna
gua gak banyak nonton film west si lebih sering indo, so top 5 nya ya indo",positive
"@moviemenfes HAHA! Kalo ngmgin Mencuri Raden Saleh, iya itu pathetically overrated. Lah Interstellar dikata underrated. Baru keliatan skrg kaya apa selera tontonan lu.",positive
"@banjarbase Film indo = sobat ambyar, big 4, mencuri raden saleh, ngeri"" sedap, bumi manusia, orang kaya baru
Film int = enola holmes, interstellar, bad genius, 3 idiot, la la land, bullet train
Reality show = phsycal 100, single inferno, terrace house",negative
"tdi malem ak nonton mencuri raden saleh, tbh it's one of few best movies that have been made here in our country ngl. like i really enjoyed all the scenes from the start of the movie, the conflicts, the climax of the movie, the plot twist and also the ending is quite questionable",positive
"@cremejrulee emang beda kok, kak. Cuma tema/trope/atau apalah namanya sama, sama2 bangun fake family. kurlep sama kek divergent sama haze runner atau Mencuri raden saleh sama money heist gituuuu",negative
"@eyioul 1. Enola Holmes
2. Mencuri raden saleh
3. High &amp; Low the worst 
4. Fantastic Beast
5. Bebas",negative
"@hennituse 1. Enola Holmes
2. Mencuri raden saleh
3. High &amp; Low the worst 
4. Fantastic Beast
5. Bebas",negative
@moviemenfes @ranewh Mencuri raden saleh sih top bangetttğŸ˜,positive
"Judul : mencuri raden saleh

genre : komedi, petualangan, action

cast : Iqbaal Ramadhan, Angga Aldi Yunanda, Rachel Amanda, Umay Shahab, Aghniny Haque, ari irham

rate : 9/10 https://t.co/GyVNzu0rQQ",positive
"@mfrrsw @JPFBASE Montage. About the so called worst heist in Japan on Showa period the ""300 million yen robbery"" ini yg sempet dibahas dikit di film Mencuri Raden Saleh.",negative
gue kira mencuri raden saleh sad ending gatau nya happy ending,positive
"@moviemenfes Mencuri Raden Saleh sihh, kalo gak Ratu Ilmu Hitam, kata aku itu bagus special effects nyaa",positive
"Jujur si kemarin emg sempet kontroversial krn dilan itu iqbal, skrg aku dah cinta mati sama iqbal gegara dilanâ€¦ terus di mencuri raden saleh sbg piko.. emg top abangku ğŸ«¶ğŸ»",positive
mencuri raden saleh worth to watch nggak? aku belum nonton :&lt;,positive
"@masGalsakti @danieldokter Dengan pengalaman Angga Dwimas Sasongko dengan Ben&amp;Jody dan Mencuri Raden Saleh, rasanya bakal keren kalo beliau bikin genre superhero yang karakteristiknya vigilante macam Green Arrow atau The Punisher. Gausah pake superpower dan kebutuhan vfx berlebih dulu.",negative
"@Jagoan_Kancil @luthfimadzani setuju, emg anak sekolah ya lebih suka yg edgy dan keren, contoh aja mencuri raden saleh. dan sayangnya virgo dengan embel embel buat penonton remaja sama sekali gaada edgy dan kerennya",negative
"@moviemenfes minimal filmnya kek mencuri raden saleh, boleh lah yakkk",negative
"@Erura997 @siibulet @moviemenfes Mencuri Raden Saleh emg promosinya bagus, mereka sadar punya assamble cast top dan dimanfaatin apalagi di era sosmed gini, banyak anak muda yg kecantol karna banyak yg fomo juga, tapi untungnya filmnya cukup bagus jadi pas deh",positive
"@sinemaksimal @WatchmenID Terpatok sama semestanya imho jd faktor yg bikin naskah film solonya jd kurang kuat. Action Sri Asih tbh lbh bgus dr Gundala. Saya malah kurang sreg sama dialog yg kaku dan â€˜maksaâ€™, klo di SA, Pevitanya. Mencuri Raden Saleh mnrt sy salah satu film indo yg pelafalannya enak ddnger",positive
"Serigala terakhir, The Big4, Mencuri Raden Saleh, The Gifted (west)",positive
"Just finished watching Mencuri Raden Saleh with my friend! Really a fresh movie type produksi Indonesia dan eksekusinya uapik pol, the tense pas kejar kejaran waktu mereka nyuri lukisannya 9/10ğŸ˜”ğŸ˜”ğŸ˜”",negative
"@moviemenfes -mencuri raden saleh (nontonnya sih karna 3 pemeran cowonya lahh ehehehe, tapi setelah diliat beuhhh se worth it ituuu)
-Nanti kita cerita tentang hari ini (kalo nontonnya bener2 diresapin pasti bakal nangis kejerr. Filmnya tu bener2 serelate itu sama kehidupan)",positive
"@Jagoan_Kancil Aku udah tau mas Alvin yang mana dan bener dia bikin poster tuh ada filosofis nya sendiri mulai dari Like &amp; Share ampe Mencuri Raden Saleh, sekarang tinggal nunggu poster Pamali win aja soalnya itu film favorit ku",positive
"@moviemenfes my idiot brother (nonton di tv beberapa kali nangis terus)
rumah dara (ini banyak adegan darah darahan)
mencuri raden saleh",negative
"@cikakohl Film favorite ku mencuri raden saleh karena film ini sunggu bagus sekali banyak trik dan strategi yg keren baged, dan mereka selalu punya cara buat keluar dr zona nyaman #HFN2023",positive
"@moviemenfes - the big 4 (action comedy. comedy nya dpt tapi jg ga ngeganggu adegan action nya)
- mencuri raden saleh (kurang tau si itu termasuk genre apa. tapi dia kaya nyusun strategi buat nyuri lukisan gt. pas nntn itu aku langsung  de javu sm film fast five. cara nyuri nya mirip)
-cont-",positive
"@moviemenfes Mencuri raden saleh, best indo film sih, ending bikin ngaga ngongo",positive
..mirip Ari Irham yang main di Mencuri Raden Saleh,positive
"HIS ERHA Bundle Gentle Acne Facial
paket perawatan wajah yg dirancang khusus membantu mengatasi masalah jerawat pada kulit
 https://t.co/4hYA69rrzL

FIFA Inisial R Kanjuruhan Palestina Israel Mencuri Raden Saleh NA JAEMIN THANK YOU
PSSI Cwts Anggota DPR #JENNIE Jawa Barat https://t.co/eLAmDawfMr",positive
"@cikakohl Mencuri Raden Saleh!!!! karena film nya berani beda sama genre-genre yg udah ada di Indonesia sebelumnya, mereka bikin gebrakan bagus dgn talent2 muda Indonesia tidak lupa hasil yg berkualitas pulağŸ¥° i was enjoyed the film so much!! smoga banyak jg yg berani berbedağŸ˜ #HFN2023",positive
"Miniso Parfum Wanita Green &amp; White Tea Series
https://t.co/A9myOsN6j4
FIFA Inisial R Kanjuruhan Lebay Palestina Israel Mencuri Raden Saleh NA JAEMIN THANK YOU Pil 2 LALISA CELINE GIRL Sore Indonesia
 #DOJAEJUNG_BaseNote PSSI Cwts Anggota DPR #JENNIE Jawa Barat Hary Tanoesoedibjo https://t.co/7RFn3gia8C",negative
